1.0,0.0,0.0,0.0,0.0,0.0
0.0,1.0,0.0,0.0,0.0,0.0
0.0,0.0,1.0,0.0,0.0,0.0
0.0,0.0,0.0,1.0,0.0,0.0
0.0,0.0,0.0,0.0,1.0,0.0
0.0,0.0,0.0,0.0,0.0,1.0
0.021432306542543186,0.16668019966584885,0.2603347523589154,0.31733645144734934,0.23421628998534302,0.0
0.12567366638796157,0.00916863614437704,0.27534256382659983,0.289565608351854,1.0842021724855044e-19,0.3002495252892072
0.0,0.2946580439617044,0.06081071181682339,0.18972068107135054,0.16608998122928337,0.28872058192083805
0.0,0.30083284063984844,0.06850252909999663,0.18545474612158522,0.160930190056368,0.28427969408220144
0.12424884625963933,0.00874453262299338,0.2718006849434921,0.2924953602399373,0.0,0.3027105759339376
0.12635027482231287,0.286675520762483,0.4328723852444763,0.03172661316995266,0.0,0.12237520600077487
0.14578214859451502,0.033717660813861065,0.2617785935902756,0.286773831000878,0.0,0.27194776600046977
0.19507295151012047,0.3642334472285374,0.06918967265593824,0.0,0.3488085602841659,0.022695368321237603
0.1268017277606294,0.2913915990579628,0.42272274336768223,0.03724726172409661,0.0,0.12183666808962872
0.28748098659208154,0.3388407499333627,0.08852957604814847,0.2450849957345821,0.0,0.04006369169182488
0.0,0.2941298235814139,0.061045661497764546,0.189799462494178,0.1661357397532759,0.28888931267336737
0.28774771655658804,0.3394198864573214,0.0883847745305536,0.24483660006433705,0.0,0.03961102239119961
0.13329977654316102,0.02317947125883472,0.25782516910878034,0.29574187823065873,0.0,0.2899537048585649
0.19409109037890873,0.36426925098858426,0.07024554862510457,0.0,0.34752488773083434,0.023869222276567997
0.3130254216202328,0.15439199248629698,0.11318772065369531,4.336808689942018e-19,0.0969450252033197,0.32244984003645494
0.0,0.054393890841599665,0.3309649246654499,0.01904101239650767,0.32130486474108855,0.27429530735535396
0.31283929662287313,0.15371383570973227,0.11274003504844375,0.0,0.09707957314087058,0.3236272594780801
0.03577978324529372,0.16729297609347746,0.25506301336649534,0.31484645008903306,0.2270177772057,4.336808689942018e-19
0.02875160092325445,0.09542990753314784,0.2990931740053376,0.0,0.3450839238451503,0.23164139369310952
0.13415534880310884,0.02185354193293103,0.2540077961835138,0.3012893226801662,0.0,0.2886939904002797
0.22083094495791797,0.0,0.010457476951123024,0.25337906852961617,0.32073829103103235,0.1945942185303101
0.28740217942500856,0.3374221176891157,0.08831668185222427,0.2460302180368054,0.0,0.040828802996845756
0.03237173267731586,0.0989745870345032,0.2995624138504489,0.0,0.3414647025903428,0.22762656384738875
0.4169572509964346,0.0027157704528956656,0.09971402302393235,0.0,0.059508710240888794,0.42110424528584817
0.2397626755031009,0.012350880523828782,0.0,0.27335412293305106,0.29012674294988766,0.1844055780901314
0.12301955268296806,0.007470704439137869,0.26986212648046726,0.29455298333053226,0.0,0.3050946330668942
0.12528133233640942,0.27429066739762015,0.4413140569759443,0.0349468075978033,0.0,0.12416713569222257
0.036893907185903914,0.16743240997501435,0.25170942134139235,0.3150833619568832,0.2288808995408059,0.0
0.1326959814453985,0.02245951649782056,0.2582148649831909,0.29597737260395374,0.0,0.2906522644696359
0.12468501435758152,0.007562993318942403,0.2748995333077704,0.29102208079718467,0.0,0.3018303782185206
0.12485103769551054,0.2811265882225418,0.43559540274619996,0.03430374590081563,0.0,0.12412322543493169
0.1255654465231794,0.009455775266733496,0.2746627374188824,0.2899237523039426,0.0,0.3003922884872618
0.12482738417230138,0.2822547897782895,0.43485245725343297,0.034046155290901124,0.0,0.1240192135050746
0.13464275706277126,0.024372020207747085,0.25815850169277604,0.29498329741139023,0.0,0.28784342362531495
0.13114963724495302,0.019408637632915334,0.25304122159548986,0.3039708456955154,0.0,0.292429657831126
0.28828919663930147,0.33574403315535895,0.08678858548039978,0.24828101008539663,0.0,0.0408971746395429
0.22347104762041334,0.01072360556380217,0.0,0.2487436580941211,0.329145075432422,0.18791661328924117
0.4169476744399493,0.002640451754234458,0.09966648021641733,0.0,0.05939998141060463,0.42134541217879384
0.12198093904911364,0.28413400259605337,0.4319825061180992,0.0363232075493118,0.0,0.12557934468742157
0.1285658510009809,0.018299935176555725,0.25695350295514846,0.2996074717971491,0.0,0.29657323907016553
0.12711159903828567,0.009745174076004497,0.27815891243637303,0.2870922287700708,0.0,0.2978920856792657
0.13233125154676242,0.022097599326292707,0.2582109401562197,0.2962019487539825,0.0,0.29115826021674246
0.12473543994335422,0.2853187423071629,0.4330592712898379,0.033184277560099215,5.421010862427522e-20,0.12370226889954526
0.29558309864108007,0.3162070935293327,0.07007890010601488,0.26737058329931773,0.0,0.050760324424254294
0.2160855387190495,0.0,0.005392682834209715,0.24072694077528012,0.34452200985866155,0.19327282781279884
0.0,0.30499062215803063,0.09439784458795018,0.15769068922369595,0.14649445515002343,0.2964263888802996
0.2957890897321195,0.2897630819423252,0.07721582634014133,0.27451017359924934,0.0,0.06272182838616439
0.0,0.29762753441409284,0.03960556219094812,0.19949540434446308,0.16881585335967111,0.2944556456908245
0.12450806827224974,0.008979378109281348,0.2722752202224033,0.2920310241944335,0.0,0.30220630920163183
0.0,0.3915516610589183,0.014949438088363394,0.06039328065072675,0.09296787662415042,0.4401377435778407
0.3143487027914692,0.1536421732972666,0.11170011024991353,0.0,0.09644958208479666,0.3238594315765537
0.19244652276817806,0.36471635592293866,0.07292931934590938,0.0,0.34317453233117334,0.02673326963180033
0.22794072685603042,0.00022508465376548442,0.0,0.26169432263425885,0.31848811152353446,0.19165175433241044
0.13268394416514528,0.02251646301308971,0.25768173606870154,0.29629093358625164,0.0,0.2908269231668117
0.023438273915391012,0.08462346047766499,0.29997537860969997,0.0,0.35295277121253904,0.23901011578470469
0.0,0.06978327518747045,0.3209841081744405,0.0037931120668213015,0.34266504677699244,0.262774457794275
0.0,0.29700412770066803,0.042849000394518506,0.19787726560960617,0.16870047159633608,0.2935691346988709
0.12918485669032828,0.29366552882657315,0.4238100732413396,0.033577992094227134,0.0,0.11976154914753158
0.31519845680170294,0.15374249214245386,0.11121222603262668,4.336808689942018e-19,0.09616905961729946,0.32367776540591675
0.393594014615503,0.02815693648293495,0.11244824700514881,0.0,0.07591956909053328,0.38988123280587966
0.036223183467345474,0.1668687979869482,0.25345352553640227,0.3156853198747529,0.22776917313455078,0.0
0.12092528918193071,0.28382654260853857,0.4306741776456727,0.038030423059117045,0.0,0.12654356750474055
0.22685476406122906,0.0038735970867814357,0.0,0.25841844500302236,0.32047038853325227,0.19038280531571458
0.12683024006628038,0.009768319020368194,0.2774268249885959,0.28759605441965486,0.0,0.2983785615051002
0.1325513206369368,0.022313100109377922,0.25813499372262505,0.2961480759333133,0.0,0.29085250959774656
0.2268384589313689,0.0,0.0040819635478583395,0.26023118302608467,0.31594871015295606,0.19289968434173174
0.4116775129828951,0.0078030412513379645,0.1034243633374701,0.0,0.06405709790604801,0.41303798452224855
0.12733095334955583,0.29150449860951505,0.4230214025537274,0.03666521225063223,0.0,0.12147793323656933
0.1236832770694635,0.26019370239967077,0.4551238440398829,0.03669086492003287,0.0,0.12430831157094954
0.3109054452763189,0.15453944179881315,0.11474152105185517,0.0,0.09827150276944045,0.32154208910357207
0.036729030131443595,0.1669741988442827,0.25195718548669266,0.31563642147701954,0.22870316406056126,0.0
0.0,0.046710769879954636,0.3324478357018554,0.02615299666357381,0.31599745393954826,0.2786909438150675
0.2316027932728453,0.007301911540613203,0.0,0.2659606226727111,0.3068436307914681,0.18829104172236197
0.1276408617378813,0.2919370820390223,0.4231582750656185,0.0360811722559339,0.0,0.12118260890154364
0.300591652479762,0.2885719110329415,0.05797596195467411,0.2950871839235722,0.0,0.05777329060904981
0.296079798261494,0.2899650787095093,0.07791818998003656,0.27339777273686855,0.0,0.06263916031209138
0.28847908297906844,0.33605213330744566,0.0866527591426683,0.24825001680174746,0.0,0.04056600776906975
0.1240612165329382,0.0082495873765767,0.27195652261579745,0.2926103806980706,0.0,0.3031222927766166
0.12806154092427474,0.29273461706097353,0.4233470153958327,0.03515658503442826,0.0,0.12070024158449047
0.30221840685314844,0.15828593785459102,0.12197919436430758,0.0,0.10748940111989423,0.3100270598080585
0.0,0.30036022169953625,0.034384643753040116,0.20153951865541495,0.17027070307893813,0.29344491281307034
0.12891243758455098,0.29332282704723484,0.4236603052380528,0.0340578489940729,0.0,0.12004658113608813
0.03355986418535474,0.16899288688039746,0.26254248268521985,0.3133046515300439,0.22160011471898386,0.0
0.12663928006871653,0.2869360857114433,0.43268276278027756,0.03152358159639169,0.0,0.12221828984317051
0.3598401636464877,0.0,0.32961637589675485,0.10863266637271092,0.18736339045982023,0.014547403624225852
0.35240808419373204,0.07121077336628008,0.27672382594935385,0.09911375369118225,0.20054356279945165,0.0
0.0,0.30081903199582694,0.03379482619510716,0.20137699567937473,0.1702987111370939,0.29371043499259697
0.12561482311910058,0.2709812509695202,0.444576547649497,0.03496138378251952,0.0,0.1238659944793624
0.12791489298646738,0.2923672079493119,0.4233050254910438,0.035509213989251845,0.0,0.12090365958392481
0.31559329518104595,0.15405394248963883,0.1109276113622322,0.0,0.095219298514909,0.3242058524521738
0.12759333966661524,0.28821112275123795,0.4322527191242332,0.030577484460243824,0.0,0.12136533399766969
0.1323187334541997,0.022054547506404232,0.2584242280708703,0.2961232543162652,0.0,0.29107923665226026
0.199261159629457,0.3629405966381056,0.06550710182392552,0.0,0.353383763291136,0.01890737861737548
0.3131986695484901,0.15333800683728782,0.11240940642263084,0.0,0.09669718462162756,0.3243567325699633
0.19264421686834005,0.3648340792598534,0.07254654853261631,0.0,0.34352952827641703,0.026445627062772824
0.0,0.05463973616315562,0.3356532545421902,0.021020554931688803,0.31303693825895545,0.2756495161040095
0.0,0.05399882058212983,0.3325153748536162,0.019286063042580723,0.3198668676023547,0.2743328739193183
0.033486997184177726,0.16910131362294262,0.2628783444111519,0.31315691675264934,0.22137642802907814,0.0
0.22625564043404406,0.0,0.0008676892173697546,0.25862032036898,0.3220425603540375,0.1922137896255685
0.1316371130382254,0.017608022845753635,0.25365987068656587,0.3048451749791171,0.0,0.2922498184503377
0.12520752823495665,0.27991786444227246,0.4364427077214593,0.034386972501464295,0.0,0.12404492709984684
0.2951590624494796,0.29356212490623756,0.08110798886076831,0.2688636960717432,0.0,0.061307127711771006
0.03676183929736968,0.1674667473926538,0.25229663205715197,0.31493866432233497,0.22853611693048922,0.0
0.3469179671211144,0.072406698713723,0.2801088452382085,0.09088209223967188,0.2096843966872821,0.0
0.12944367611602028,0.2937368676149804,0.42375340376815823,0.033407332827554634,0.0,0.1196587196732858
0.0,0.2935539056561985,0.0602750054102826,0.19024763588815696,0.16650109577472932,0.2894223572706324
0.03292951964566862,0.09937861515683713,0.2977617434167598,0.0,0.3432511329967971,0.22667898878393702
0.1264152874665421,0.2937125744241323,0.4221217989449807,0.036264273876937175,0.0,0.12148606528740741
0.22838766671550323,0.002543928885503007,0.0,0.26201344931567566,0.3164246315299943,0.19063032355332354
0.0,0.05457953330604174,0.33201405691312125,0.018544427304087643,0.32115766380221344,0.2737043186745358
0.13162452752077985,0.021406761990575347,0.2579671489901803,0.2968233202304995,0.0,0.2921782412679646
0.03211034319713833,0.09869958296905196,0.2977329015989448,0.0,0.3442625452830375,0.2271946269518271
0.3857077705998949,0.042467701540009256,0.11738311008416234,0.0,0.08200387754767045,0.3724375402282628
0.29640461188682854,0.31542665633205913,0.06795823379047732,0.26899675088211616,0.0,0.05121374710851866
0.2889444253455861,0.31087895616982886,0.08729334803051705,0.25812190088288334,0.0,0.05476136957118447
0.30162444008659445,0.16492758059855853,0.12558746356699296,0.0,0.10586809953657303,0.30199241621128065
0.12838947775630444,0.291074290605938,0.4323001210356438,0.02840456784824232,0.0,0.11983154275387108
0.0,0.2973301656624533,0.041492702821219724,0.19845322412002547,0.16872914336581304,0.29399476403048824
0.0,0.29427917776654283,0.05542377454030831,0.19169157609062634,0.16689438078993646,0.29171109081258567
0.23451390163639071,0.002193745828792264,0.0,0.27041757946570316,0.30380137955668085,0.18907339351243274
0.03341269986925278,0.16921844667818497,0.26304997675447606,0.31299141225597743,0.22132746444210855,0.0
0.13266018913308145,0.0224050290393676,0.2583759593176041,0.2959051412961493,0.0,0.2906536812137971
0.2299053666055806,0.0,0.0025527766983689487,0.2643228155480319,0.3113295338518177,0.19188950729620047
0.41661803472018344,0.0014544534068225562,0.0980043548086503,0.0,0.05797931954805864,0.4259438375162848
0.2936885611452891,0.15638544342792943,0.12799459020057322,0.0,0.11063346051599277,0.31129794471021516
0.2243643308718811,0.0,0.005795349882917494,0.2580668764033155,0.3187999765083405,0.192973466333545
0.23758593983020737,0.01453267791485316,0.0,0.27199866857918,0.29229808893044806,0.18358462474531112
0.12527458572365666,0.27246371701729477,0.4430771082800302,0.03506752126478344,0.0,0.1241170677142345
0.22802886332045616,0.0002490774227266448,0.0,0.2618558199798599,0.31823943666437576,0.19162680261258125
0.030313584358969248,0.09637276439206867,0.2979792973056234,2.168404344971009e-19,0.34554877693118685,0.22978557701215171
0.1289852061962295,0.2925629309534792,0.4229443895714258,0.03484636341075307,0.0,0.12066110986811202
0.19579363958697352,0.36357490519521135,0.0682899788498875,0.0,0.350335408612049,0.022006067755878225
0.416976416333413,0.002605656767400096,0.0996362630575352,3.3881317890172014e-21,0.059365501996587564,0.4214161618450638
0.23422810749505255,0.008271218559878502,0.0,0.2695368374753232,0.30127623932316766,0.1866875971465778
0.3151188575305421,0.1537460393282304,0.11116112696171772,0.0,0.09537072119359656,0.32460325498591286
0.19324900715974108,0.36461971566675766,0.07201802132739858,0.0,0.3447984837337759,0.02531477211232646
0.13310162818047286,0.020536230762368407,0.2534991059648169,0.3027720400312529,0.0,0.2900909950610886
0.13417111325105344,0.023995804575065092,0.25795360378313176,0.2951607214742294,0.0,0.28871875691651994
0.1301240219008938,0.29468168641485504,0.42424807973266987,0.03209464456525064,0.0,0.11885156738633039
0.2239139858194404,0.0,0.005402929817575024,0.2555484815855119,0.32132924499510146,0.19380535778237085
0.4166893115981449,0.0024266323812359857,0.09942676361984036,0.0,0.05914783619086512,0.42230945620991334
0.19289450658656598,0.36498949415927595,0.07244337628782954,0.0,0.3433964473826587,0.02627617558366961
0.014114893442790575,0.07519132448398728,0.3002304109008739,0.0,0.371404129437731,0.2390592417346167
0.3129660387696738,0.15388654738232435,0.11291153984266773,0.0,0.09641644565052271,0.32381942835481103
0.1928597115509243,0.3641292086755749,0.07161279832745475,0.0,0.3457195888896939,0.02567869255635183
0.03012153928818876,0.09752203568893214,0.30085967589531204,0.0,0.3414460501785654,0.23005069894900138
0.19284071077830112,0.3645821058242253,0.07189645322369725,0.0,0.3448191545647137,0.025861575609062215
0.3477841447853565,0.07474978468111321,0.276039461712127,0.09217438333059937,0.20925222549080347,0.0
0.2254611253904916,0.0,0.0024099568802956944,0.25759863148558937,0.32176246136337716,0.19276782488024574
0.12581545835669403,0.008810171689518718,0.27616839080646494,0.28917511060530376,0.0,0.3000308685420182
0.1220985870901379,0.2837455065768159,0.4323233905908798,0.03630681497479905,0.0,0.12552570076736674
0.12444208186074542,0.2960437340137603,0.4200107265467921,0.03735382513328482,0.0,0.12214963244541711
0.12458067193163104,0.008888022131039843,0.27264134933166534,0.2917778503870561,0.0,0.3021121062186073
0.0,0.05540053961962642,0.3322636061610662,0.01746643287986387,0.3223107989906603,0.2725586223487828
0.12411017492854759,0.008283597973579162,0.27204119789384157,0.2925158384187082,0.0,0.3030491907853231
0.28769936897227927,0.33944909353764713,0.08845988390154116,0.24474587349868474,1.0842021724855044e-19,0.03964578008984741
0.31900235057950804,0.15995556578732786,0.11265233851325118,0.0,0.09282173460699054,0.3155680105129219
0.1929937265324347,0.36495130637010287,0.07251563872875666,0.0,0.3432810758448814,0.02625825252382411
0.34838286640662847,0.0754006298452318,0.27431191098398683,0.09285886259232828,0.20904573017182396,0.0
0.19263380786092038,0.3650308538412169,0.07278082703907,5.421010862427522e-20,0.34298104671969587,0.026573464539096463
0.3130172881159566,0.15342069365331304,0.11249615625017235,0.0,0.09696631391792139,0.32409954806263624
0.033004369933751526,0.10086259101937357,0.2959670660433071,0.0,0.34521059214456673,0.22495538085900074
0.21873513378593193,0.3632984567186721,0.053131993902976765,0.0,0.36131350373802407,0.003520911854395008
0.3134551375757663,0.1540597645883282,0.11268940987979847,0.0,0.09593475994369116,0.32386092801241545
0.033475261025682365,0.16910731477011873,0.2629361838515881,0.3131363188861343,0.22134492146647636,0.0
1.734723475976807e-18,0.3089644356152443,0.07779612308946852,0.17869245966650318,0.14920790660372446,0.28533907502505934
0.3221542194554537,0.15847144597056653,0.11042867104456437,0.0,0.09082591776070846,0.3181197457687064
0.28758751033964075,0.3398491012251605,0.08874237381356825,0.24437017436503614,0.0,0.03945084025659396
0.13450360959054816,0.022155090875543328,0.25443767327979455,0.3007440679503217,0.0,0.28815955830379203
0.1952514908295969,0.36571708009707615,0.07070649027149017,0.0,0.34583943008559886,0.022485508716237654
0.12705256121698968,0.2576943723457099,0.4583241908088805,0.03361661629264783,5.421010862427522e-20,0.12331225933577179
0.0,0.05430324764893909,0.3319112009464994,0.01894231658027419,0.3207273926389716,0.2741158421853155
0.3145483935383031,0.15364506736161102,0.11150249348389805,0.0,0.09590114117369272,0.3244029044424947
0.22889773562320911,0.3500072123207003,0.03946773378249852,0.0037860991569560382,0.37784121911663576,0.0
0.1254354648679974,0.2834715556295692,0.43417532123301755,0.03340856255690744,0.0,0.12350909571250816
0.2878130260211257,0.3397591365149653,0.08842460552360129,0.2446310927113856,0.0,0.03937213922892161
0.41571173353243535,0.003476298490622837,0.10016931953660432,0.0,0.0602745557224769,0.4203680927178604
0.22823252589541104,0.00046822661636846665,2.168404344971009e-19,0.262198774444452,0.3176168078567684,0.19148366518699975
0.22212870619566785,0.0,0.007620606020071696,0.2552473359389461,0.3214923149569965,0.19351103688831744
0.19881350934470007,0.36355905967521074,0.06598235913285891,0.0,0.3524205843986821,0.01922448744854787
0.30988959500430063,0.15331439898191976,0.11486262677721046,0.0,0.09919040474503678,0.32274297449153205
0.19958329274635836,0.3636353504458819,0.06557814479683303,0.0,0.3526762939355088,0.018526918075417738
0.0,0.05393420079169796,0.33381553267907255,0.019507426535197905,0.31853868355223025,0.2742041564418009
0.3210465102858459,0.15887902142687474,0.11114860506406947,0.0,0.09118555969851246,0.3177403035246971
0.12667865298075376,0.29152113655834866,0.42256062739086325,0.0373163310165443,0.0,0.12192325205348975
0.34695056920018846,0.07445177223385402,0.2775161787470775,0.0910289604660222,0.21005251935285763,8.673617379884035e-19
0.1933137672248761,0.3646550671821831,0.0714378620634597,0.0,0.34563542695040045,0.024957876579080437
0.1252958132110045,0.2788564769234304,0.4372565953344194,0.03451519171903264,0.0,0.12407592281211276
0.3460402106797693,0.07421012904092504,0.27899007382323726,0.08986238054180995,0.21089720591425812,0.0
0.03619217234803102,0.16686718397159506,0.25367791572598564,0.315789474874286,0.22747325308010186,0.0
0.22487435047955656,0.0012235335917142795,0.0,0.25458880703095677,0.32789617555564177,0.1914171333421304
0.12752657350045682,0.29248436428333613,0.422905023419306,0.035878908999830136,0.0,0.12120512979707045
0.1359693154159283,0.028407755231878617,0.2719505182500858,0.2815451458027577,0.0,0.28212726529934923
0.032294860885418365,0.09876808357833385,0.2945771559145085,2.168404344971009e-19,0.34809138307589566,0.2262685165458432
0.13321875718273324,0.01963855435506838,0.25418313628013645,0.3028478324822004,2.168404344971009e-19,0.29011171969986127
0.018008782982173763,0.16545944017149475,0.2620016869988492,0.3192075697483031,0.23532252009917895,0.0
0.03612729747570917,0.1669164659683804,0.2541007167593356,0.31583132709845596,0.2270241926981186,0.0
0.1344319276718723,0.02206556020729949,0.2543459814630155,0.3008792514637823,0.0,0.28827727919403
0.41665367658952557,0.001379958479939265,0.09803466621531072,0.0,0.05774366731170928,0.4261880314035148
2.710505431213761e-20,0.068991029192168,0.3212454547259983,0.00462217612926793,0.34157423666048037,0.2635671032920852
0.1300514334058642,0.29443244483620074,0.42406556146376684,0.03240461761527547,0.0,0.11904594267889236
0.03608422848587026,0.16688017779256484,0.254442520956137,0.31613968520755903,0.2264533875578685,0.0
0.28766678218213404,0.33957578014508755,0.08853165009713462,0.2446038710234562,0.0,0.039621916552187185
0.2222709118314292,0.0014807807132610254,0.0,0.24954965155477446,0.336264274448175,0.19043438145235997
0.3134686841198443,0.15381301006721376,0.11229203318943617,0.0,0.09706186742903265,0.32336440519447285
0.03606200768901602,0.16697933987304903,0.2548427317281181,0.31623682978924933,0.2258790909205672,0.0
0.03608001019620527,0.16682451493979186,0.2542412297876434,0.316089450008537,0.2267647950678223,0.0
0.29576103404565196,0.2908602068930106,0.07867044260824729,0.27234654113695717,2.168404344971009e-19,0.06236177531613255
0.28756390320121444,0.33796531630048643,0.08820408037787082,0.24589482110107777,0.0,0.0403718790193502
0.12696731102571907,0.016665442220213468,0.2585124688253438,0.29964973521939414,0.0,0.2982050427093291
0.036108786527035336,0.1668159634629256,0.25398986746395086,0.3159619826876307,0.22712339985845723,0.0
0.12187264190739212,0.27945143171207726,0.4356381227053285,0.03716212997536752,0.0,0.12587567369983432
0.13214558665244278,0.31741648971553627,0.4304979203524016,0.014866909194588376,0.0,0.10507309408503056
0.03340082274911296,0.10045462567663019,0.297266610735315,0.0,0.3434551470232757,0.2254227938156659
0.40852640993410677,0.017328592899320896,0.11013754845807697,0.0,0.07035098123875223,0.3936564674697428
0.12932197018737554,0.013900224113512787,0.25380939755823745,0.3072884535377926,0.0,0.29567995460308105
0.03615191151164595,0.16683369599305997,0.2538994813209329,0.3159602520258034,0.22715465914855745,0.0
0.2937138434200636,0.2948640384551247,0.08104577216544248,0.2692368646077749,0.0,0.06113948135159399
0.291046068623444,0.30189405188248397,0.08392782291536605,0.264769082192206,0.0,0.05836297438649956
0.03335677635759413,0.17006531705100805,0.26342598955119306,0.3119537409286437,0.22119817611156073,0.0
0.124953218925797,0.29582607296499375,0.42050129237322725,0.03689869442975462,0.0,0.12182072130622706
0.0,0.05536185718360267,0.3318036157809236,0.017586909439721188,0.3224725037370617,0.2727751138586905
0.0,0.05461106141534382,0.33045300404194367,0.018577593333792844,0.3224921302699725,0.273866210938947
0.1334457758276932,0.023324615305969652,0.2578300479622836,0.2956348105895503,0.0,0.2897647503145028
0.036155662436584635,0.16704467680825125,0.2541465362845432,0.3159143086957111,0.22673881577490954,0.0
0.34727637508192455,0.0745141163326722,0.27699492536284037,0.09145040799803504,0.2097641752245275,0.0
0.29170402099650083,0.3133004611821657,0.08027931832516957,0.25753615678993536,0.0,0.05718004270622828
0.0,0.300318032021311,0.034199515378731025,0.20138026806529727,0.16999488010409328,0.294107304430567
0.03621650289652323,0.16692508721875948,0.25349816771905254,0.3155429221670202,0.22781731999864407,0.0
0.4162391698552039,0.0034778917946725637,0.10036019135161774,0.0,0.06013802007078381,0.4197847269277218
0.4172015516332452,0.001081938983735809,0.09882979522874216,0.0,0.057828266285209,0.42505844786906766
0.1238175259435836,0.00847504248605769,0.27092035450501367,0.293405220369382,0.0,0.30338185669596274
0.12546617633594898,0.2754554659038678,0.44022677894898676,0.03479771462132325,0.0,0.12405386418987276
0.3090753193500281,0.1636821825905287,0.1199193784835842,0.0,0.09963402268064672,0.307689096895212
0.12602284170680103,0.2840184975019429,0.43376584976650556,0.03301707411580303,0.0,0.12317573690894712
0.2940387071275124,0.16793340687593505,0.1305156789131404,0.0,0.10953408323842587,0.2979781238449861
0.22219267419379943,0.0,0.009200395190842281,0.2533333469699323,0.3202758023435713,0.19499778130185433
0.13305278519266744,0.02280965469384265,0.25834767358961297,0.29563591870016953,0.0,0.2901539678237073
0.03391500042654917,0.10134525996712156,0.2978699172277675,0.0,0.3421226397247462,0.22474718265381524
0.4014603716248486,0.0232274665433632,0.11187162734997347,0.0,0.07319130848717241,0.39024922599464196
0.12449180700420495,0.2804493321908296,0.43605403850274177,0.03461206886525961,0.0,0.12439275343696363
0.12362229835934233,0.2832242006106778,0.43374636005217304,0.034737637616497015,5.421010862427522e-20,0.1246695033613096
0.2185906469674992,0.0,0.013110141316835508,0.2477320628563854,0.3240697547607366,0.19649739409854308
0.02119771021622572,0.09882675737935649,0.3090057135530562,0.0,0.33711264979982597,0.23385716905153534
0.1251331553774394,0.2757116897335959,0.43999072689079866,0.03492561126876016,5.421010862427522e-20,0.12423881672940564
0.1250018206763597,0.28588721891142865,0.43293083136534594,0.03279251240662185,0.0,0.12338761664024345
0.29269456417755846,0.2974263110922076,0.08263186779760258,0.26694848401739896,2.168404344971009e-19,0.06029877291523218
0.3479465130357193,0.07469537151677604,0.27594461416705734,0.09243816487540626,0.20897533640504085,0.0
0.1296209053614475,0.29385449203354636,0.42372777055548794,0.033250727633934586,0.0,0.11954610441558339
0.12772815908450505,0.011231864065376136,0.2765513085191831,0.28763210840177916,0.0,0.29685655992915616
0.035962613422011964,0.1667251008334552,0.2535863588457486,0.3155361304458838,0.22818979645290013,0.0
0.12824737331083566,0.292547344583282,0.4233531914499583,0.03516086461583958,0.0,0.12069122604008388
0.0,0.29940602184863724,0.0729620889184713,0.18334213721213077,0.15917600366821197,0.2851137483525484
0.4123242879986749,0.004493744518208274,0.09827240116308945,0.0,0.05840807592940701,0.42650149039062013
0.12928081370952704,0.2935641610162437,0.4236901152399165,0.033650758706744444,0.0,0.11981415132756798
0.4114662247434782,0.009382574015601946,0.10482834413777323,6.776263578034403e-21,0.06367314136112094,0.4106497157420253
0.2878556749032586,0.33958200470289784,0.0883936657265714,0.24470274679782933,0.0,0.039465907869442256
0.0,0.3006398723778178,0.02917760244473386,0.20447869401118407,0.16965423920550654,0.2960495919607576
0.3953877075082695,0.028955113460990944,0.11342128726890395,0.0,0.07609905867766176,0.3861368330841737
0.0,0.30842550846799915,0.07791533625244419,0.1789823173855406,0.14984419629613996,0.2848326415978758
0.03214061230473374,0.10213683193641046,0.2979181538164442,0.0,0.3431737951030897,0.2246306068393216
0.1951391758718369,0.36388219440847935,0.06902099319507583,0.0,0.34929594853089396,0.022661687993713653
0.2882423581314806,0.3181810705651948,0.08938543720243884,0.2519937624973567,0.0,0.052197371603528706
0.0,0.055389611719710685,0.3309512761094369,0.01747474821135298,0.3234149415801881,0.272769422379311
0.13409108980576254,0.023925599016944462,0.25813689174992827,0.295026244021855,0.0,0.2888201754055094
0.2284480841160375,0.0,0.0005553035055603176,0.262412520923163,0.3167838542627429,0.191800237192496
0.19258492744416902,0.36433885073819355,0.07226061645859631,0.0,0.3445139697163749,0.02630163564266581
0.22162711852821274,0.0,0.009269103970696847,0.25419661212107625,0.3206769064178466,0.19423025896216722
0.13448140050607374,0.024345743539364032,0.25808731701030346,0.29477976611041073,0.0,0.2883057728338478
0.13069660557094565,0.01587021114306307,0.2734835439296921,0.2876342700949706,0.0,0.29231536926132823
0.3221084293512476,0.15843562163915403,0.11035266127010926,0.0,0.09071866614532835,0.3183846215941603
0.029941008014706085,0.09446612300481308,0.2957165043318147,0.0,0.3492254848606421,0.23065087978802387
0.28773917854873415,0.33988066686723595,0.08855173426840202,0.24445385040859738,0.0,0.039374569907030206
0.1320357971023051,0.021854537476750233,0.25773058095412016,0.29672932503677985,0.0,0.29164975943004445
0.026235383782086782,0.08637153285972692,0.29560787613851325,0.0,0.3552701131716089,0.23651509404806373
0.03341671633429122,0.1001920100898143,0.29962653417184754,0.0,0.3405364338868381,0.2262283055172087
0.4026338084406306,0.011673998082653094,0.2996369498971608,0.12713535351191385,0.15891989006764135,0.0
0.12466112595480647,0.009151048745281066,0.2725051395912273,0.29179212370845725,0.0,0.3018905620002276
0.12678128792481774,0.0101065172546753,0.27678878869865653,0.2879310103704029,0.0,0.2983923957514471
0.21934385961437908,0.003153651182790821,0.0,0.2422570649245806,0.34610583917331683,0.18913958510493228
0.3447147548953548,0.07683635228840427,0.2746695530753078,0.08946789938307245,0.21431144035786018,0.0
0.1342501257894473,0.024079397955623073,0.2580503147152161,0.2950100497022771,0.0,0.288610111837436
0.1932017226124408,0.3647480077923272,0.0718258331116555,0.0,0.3450340919891946,0.025190344494381522
0.1330168641924311,0.02013589676951598,0.2535659502518782,0.3030278929602897,0.0,0.29025339582588455
0.19300244197403116,0.3642497753322606,0.07143711746282644,0.0,0.34587094987301925,0.025439715357862335
0.29494417099773956,0.29276776263175713,0.08017769861679845,0.2703205843768016,0.0,0.061789783376902704
0.12867475554374974,0.292917898596356,0.4234606388131917,0.034569059288028156,0.0,0.12037764775867427
0.03332665816668352,0.16938163222343128,0.263806029817668,0.31277746354562386,0.22070821624659304,0.0
0.3854039559031842,0.029609716428115284,0.10965273478630172,0.0,0.07625024013331443,0.3990833527490842
0.03237654266680278,0.09888596974369962,0.29652702593685404,0.0,0.3455079285303237,0.22670253312231956
0.2901838767032861,0.3064740850738404,0.08702294164400722,0.2592416617672458,0.0,0.05707743481162034
0.0,0.29861717770326485,0.07039412245181002,0.18487225413752367,0.16055300373039294,0.285563441977008
0.0,0.2969814630483305,0.04309327845958655,0.1977035240422635,0.1686680413793588,0.29355369307046025
0.12829932233844107,0.012236476064134768,0.2537537281615804,0.30832332941367796,0.0,0.29738714402216515
0.3119365893635549,0.1627459089884931,0.11777526665590576,0.0,0.09751572966401091,0.31002650532803494
0.2876589829427624,0.335703421098499,0.08758529310752004,0.24766148579218572,0.0,0.0413908170590326
1.734723475976807e-18,0.29809197781083807,0.0702105039720282,0.1849810869991377,0.160715716977004,0.2860007142409918
0.2878451631441666,0.33946908240031715,0.08841389996823894,0.24477580925346654,0.0,0.039496045233810485
0.0,0.054857177452805564,0.3309900438068456,0.01821346209820056,0.3224765729695674,0.2734627436725807
0.3941573110927228,0.03080949454539086,0.11406635837349272,0.0,0.07681218677367295,0.3841546492147205
0.23335737954522115,0.010281808403130862,0.0,0.26676387306847954,0.30314357739732717,0.18645336158584097
0.12583412195407304,0.2850310241924304,0.4333844563653322,0.0326926762953049,0.0,0.12305772119285904
0.12444747835743185,0.28225576631443,0.43464697653687523,0.03427144113588611,0.0,0.12437833765537647
0.3466382305402337,0.07422431980271582,0.27819761827240236,0.09059485971623582,0.2103449716684118,0.0
0.12683515770745865,0.2912324890770578,0.422853621377466,0.037271311724174395,0.0,0.12180742011384281
0.40768400447192343,0.014371490281758267,0.10769573228780731,0.0,0.06746158889850305,0.40278718406000763
0.13298489979252806,0.02273579281949474,0.25822697479045553,0.29581263176322015,0.0,0.2902397008343013
0.34739585690414465,0.07342656440435719,0.2788934525145765,0.09167448195846391,0.20860964421845757,0.0
0.2292125208787309,0.0065343984242896905,0.0,0.26264880054727213,0.3125221282722748,0.18908215187743208
0.1326408986787107,0.02237805226707428,0.25834873331409197,0.2959688290070196,0.0,0.29066348673310305
0.12865128430423498,0.29295182911215584,0.42349191026002736,0.03456143528796367,0.0,0.12034354103561774
0.19849236549173316,0.3635515220326101,0.06626736812509858,0.0,0.3521724129426917,0.019516331407865996
0.033239823640905185,0.1016824358069304,0.2964496243311388,0.0,0.3442020371029282,0.22442607911809717
0.12839737500416745,0.013671091839828182,0.27283865282631303,0.2893733461352648,0.0,0.29571953419442626
0.22507922703541292,0.0,0.004161413997676768,0.25734724214714955,0.3201026377513893,0.19330947906837112
0.19312962043543905,0.3645427588342688,0.07142187585193269,0.0,0.34562752196608515,0.025278222912273867
0.30624336546798586,0.16197320958760777,0.12154822608314442,0.0,0.10431414328597237,0.30592105557528926
0.19291233279253564,0.36436091975189167,0.07180027213363745,0.0,0.3451219045618557,0.025804570760079096
0.12446537955481145,0.2862970682087505,0.432385790232782,0.03319572559457488,0.0,0.12365603640908086
0.03362245595504149,0.16898874784724535,0.26100666534810835,0.31275084962901045,0.2236312812205938,0.0
0.0,0.05509756735710346,0.33215181743024724,0.01786147369150417,0.32189817467707993,0.2729909668440648
0.287839087380481,0.34012208963188834,0.08854684126385777,0.2443437802339008,0.0,0.03914820148987176
0.0,0.2980801351207968,0.0386227301855141,0.1998782109164533,0.168941203064742,0.29447772071249345
0.1345568243770295,0.022704140362974294,0.2543485252906113,0.3003362114038075,0.0,0.28805429856557724
0.0,0.05427538023405811,0.3324145058606991,0.01891082890566366,0.3204121800566989,0.2739871049428799
0.0,0.29674112783931855,0.06725351351326353,0.18686691386520396,0.16263006064903107,0.28650838413318247
0.41730017048056584,0.0018909384304988553,0.09882086313227978,0.0,0.05870181563053157,0.4232862123261235
0.12585283715270643,0.009846480063418848,0.2748233840101263,0.28960022019016574,0.0,0.29987707858358253
0.4156099731899125,0.0041705171156992335,0.10076362650075604,0.0,0.060877055034774204,0.41857882815885744
0.010042017977088442,0.170449593784061,0.27345791288245513,0.32497699775859284,0.2210734775978022,0.0
0.29809237443897724,0.28045229790819104,0.06886689097261256,0.2863877723441171,0.0,0.0662006643361017
0.0,0.3000332355721836,0.034305372538474814,0.20160259651041457,0.16999712315592275,0.29406167222300394
0.0361747520850783,0.1668519779730501,0.25333737912038956,0.3154993545078999,0.22813653631358186,0.0
0.03350560095348411,0.16905293926035742,0.2629243501752401,0.31322702892467447,0.22129008068624362,0.0
0.13239345203880518,0.022144687179996916,0.25835814254811235,0.2960712407461973,0.0,0.29103247748688793
0.030887192306976483,0.09699221096657257,0.29840069526857427,0.0,0.34411217984459574,0.2296077216132806
0.29671743943576195,0.16713244179082828,0.1295092710334057,0.0,0.10794654722281422,0.29869430051718965
0.34599035532463474,0.07407499255527501,0.27925375114832524,0.08979944569552402,0.21088145527624066,0.0
0.016084855042918175,0.16489232765813422,0.2630722393894363,0.3240801240477304,0.23187045386178057,0.0
0.1307424694105845,0.015351812333071858,0.25443618589014033,0.3057001477051543,0.0,0.2937693846610485
0.2949775130357381,0.29179699819863625,0.07886497589122592,0.2722530828247409,0.0,0.06210743004965834
0.13334613451794403,0.02314850512389938,0.2581704630597727,0.2955238983745608,0.0,0.28981099892382267
0.0,0.04691056272969227,0.33367431494448774,0.025896171745256772,0.315008629007603,0.27851032157296
0.22430374375288675,0.0,0.0067498087605123176,0.25644662826396986,0.318450751556544,0.1940490676660866
0.20462369202642877,0.3623358520574535,0.06239476340883192,0.0,0.3564754851975141,0.014170207309771364
0.287519162606959,0.33933479852740206,0.08862773224852588,0.24467397757787834,0.0,0.039844329039234294
0.22825055868826225,0.0015041537940882611,0.0,0.2620509376490481,0.3171518459082611,0.19104250396034
0.2881189354589424,0.3359651314010181,0.08701082897812643,0.2479989183632246,0.0,0.04090618579868808
0.413044761126191,0.006560205871199874,0.1024924926235605,0.0,0.06288347342034845,0.41501906695869983
0.0,0.046762916785444045,0.33380088082902803,0.026150860879463084,0.31468381467861695,0.2786015268274475
0.28797544564417776,0.3398574657671805,0.08830442268449477,0.2446662359526676,0.0,0.03919642995147907
0.31307554669115,0.1543243185431363,0.11322409564817354,4.336808689942018e-19,0.09745844103171311,0.3219175980858268
0.12757383981815398,0.011702350819765958,0.2536244169161571,0.3089417588152063,0.0,0.2981576336307163
0.2879863463549329,0.33702701386480854,0.08741337592187104,0.2471486927281816,0.0,0.0404245711302056
0.12859021905471532,0.29357904975708643,0.42357402389047605,0.03411507285802667,0.0,0.12014163443969525
0.22704720991385935,0.0,0.0013943986307075652,0.262440275946082,0.3181780009854683,0.19094011452388257
0.40109624572552455,0.015924573556982,0.1065046744526261,0.0,0.06765354318220594,0.40882096308266114
0.12271582284054303,0.008914197029909553,0.26488005077379473,0.2985185840103536,0.0,0.30497134534539877
0.029087190121669777,0.09514416112653594,0.2983263509167755,0.0,0.3462155082665209,0.2312267895684974
0.34896391259657494,0.07374220813722143,0.27647913344929426,0.09341372461818348,0.2074010211987256,0.0
0.36156716118024734,0.031186574495554883,0.09246570654019694,2.710505431213761e-20,0.07847421915693815,0.43630633862706225
0.31328220069109053,0.1532975852785317,0.11251098135460505,0.0,0.09694300609015934,0.32396622658561286
0.4167888890707724,0.00232137673508675,0.09929453490618168,0.0,0.05907664024042459,0.4225185590475343
0.2294855869396725,0.0,0.0010690041448106055,0.26421945206755676,0.3135519092542018,0.1916740475937581
0.13328498482345988,0.02308988740886241,0.25811577377367706,0.2956093531490171,0.0,0.28990000084498324
0.19540077674741535,0.3641718589582212,0.0688802538270005,0.0,0.34919087657020326,0.022356233897159305
0.28941452225129166,0.3130270349200359,0.0887796642393403,0.2542156363296706,0.0,0.05456314225966101
0.21874020962312377,0.0,0.013505593894073614,0.2506046960743181,0.32164857668926033,0.1955009237192238
0.0,0.30039578545795265,0.0313855272707181,0.203378272322611,0.16972365448298649,0.29511676046573143
0.0,0.2955935324472282,0.06468052283423577,0.18819418185564388,0.16416848571647524,0.2873632771464166
0.0,0.2971379538217007,0.042726374348208744,0.197829212986218,0.16868715257182754,0.2936193062720448
0.31604212084820227,0.15963744593865434,0.11427219434278922,0.0,0.09393191281655856,0.31611632605379536
0.13278237690299352,0.022526954348483685,0.25832637374737066,0.29587058866085963,0.0,0.290493706340292
0.12689525946502547,0.2858782638953933,0.4328591873595067,0.032014380358489386,0.0,0.12235290892158483
0.0,0.0539295940982774,0.33202774101770816,0.019423994488288555,0.3200499257360049,0.2745687446597206
0.21616130544241657,0.35766348482064925,0.054530095972336164,0.0,0.36596875578131,0.00567635798328772
0.1251952517066482,0.2735146014102397,0.4420556056975521,0.03503230676450244,5.421010862427522e-20,0.12420223442105725
0.3633266625594187,0.03443113447706917,0.09486859350304967,0.0,0.07998053380105215,0.42739307565940987
0.29572303131024913,0.2912935581883542,0.07917872828326371,0.27160325763341364,0.0,0.06220142458471892
0.1253970067949721,0.256348284165135,0.46038563662314463,0.03521186517482759,0.0,0.12265720724192034
0.12534365546631807,0.2961784115863907,0.4206504586895014,0.036311928000980584,0.0,0.12151554625680881
0.3138313451356235,0.15434399106531554,0.11250474882283228,0.0,0.09584849199885921,0.32347142297736925
0.0,0.055897838386239254,0.331318084277835,0.016937221887007217,0.3236390346914344,0.27220782075748384
0.3473706063892901,0.07429267848493577,0.2771991452567693,0.09161872569643185,0.20951884417257247,0.0
0.12694133987364067,0.2496719600421577,0.46899062349591186,0.03359284154889246,0.0,0.12080323503939697
0.34579126251473835,0.07395082960743572,0.279676064406303,0.08954187911414699,0.21103996435737551,0.0
0.13358879169676388,0.020660260435277696,0.25422026034386175,0.30213436489050327,0.0,0.28939632263359305
0.12678022003822248,0.01064561764401039,0.2756652616806103,0.2885867805485045,0.0,0.2983221200886519
0.0,0.055426353289005,0.3324831887993029,0.017447629634378615,0.32213189673083675,0.2725109315464763
0.2094894502248554,0.36626609242985286,0.05992154398645094,0.0,0.3537101311667656,0.010612782192074843
0.1237758402192083,0.28808877952049466,0.43057811588771694,0.03367275804628402,0.0,0.12388450632629575
0.1313206358021707,0.021065484969548135,0.2587604394189696,0.29650887226286776,0.0,0.29234456754644333
0.23086306169438228,0.001154998976390012,0.0,0.2663334032999792,0.3117564368773568,0.18989209915189129
0.03333274537807159,0.16934204818992005,0.26378217018731626,0.3128236780029514,0.22071935824174044,0.0
0.0,0.30046638003217147,0.034333810486044794,0.20152349530089095,0.17031030164656147,0.2933660125343309
0.24308711385197398,0.024746846113268283,0.0,0.2763948010782281,0.27769511310973877,0.1780761258467906
0.12538438910854238,0.014943333937300924,0.25778037531547854,0.30120939540645164,0.0,0.300682506232226
0.030996081658165937,0.09753705455450143,0.2990504741038556,0.0,0.34334288548677727,0.22907350419669947
0.12996372457955527,0.2943921718013419,0.4240823085911151,0.03246112913374649,0.0,0.11910066589424068
0.036068520831053545,0.16689270070449608,0.25454120477987596,0.3161554910265279,0.22634208265804617,0.0
0.028191416548109957,0.09194402456013165,0.2965571676340911,0.0,0.3507189830163641,0.23258840824130297
0.13411633097988088,0.02169946944898508,0.2541474039127366,0.30135817661214304,0.0,0.2886786190462539
0.22521871032432397,0.0,0.003991046788627661,0.25755521723020913,0.3199938737932581,0.19324115186358082
0.2876568798779871,0.3396016763429936,0.0885444548421892,0.2445845614332871,0.0,0.03961242750354266
0.13506335403848296,0.024934641675724373,0.25809745081920016,0.29433685359747175,0.0,0.2875676998691205
0.0,0.30047019411943265,0.03404454725999851,0.20144375483275592,0.1701447387221888,0.2938967650656236
0.23075354600175263,0.002695100569438074,2.168404344971009e-19,0.265810617504663,0.3106685030413419,0.19007223288280414
0.19412284207982888,0.36447866006807145,0.07025629502927844,0.0,0.34737740460322963,0.023764798219591467
0.40429758849415337,0.011902355004986107,0.10431559665661928,0.0,0.06444955729912241,0.4150349025451185
0.12231340514290644,0.009332964024056678,0.2556060676675522,0.30519482927652425,0.0,0.3075527338889601
0.0,0.054521051047153886,0.33106462335499626,0.01877008041931724,0.3216388209316382,0.274005424246894
0.0,0.05547841630001705,0.3309635644849538,0.01736859137195907,0.3235243634059265,0.27266506443714333
0.1926747313466667,0.3647880984682758,0.07250342142247873,0.0,0.3435965080690523,0.02643724069352618
0.0,0.05501912992969702,0.3315695380904685,0.018011250015102752,0.32218281634678303,0.27321726561794846
0.03639008986743437,0.1675785671053822,0.25428949089282016,0.31561123591644036,0.2261306162179225,0.0
0.41164391180658205,0.014913466163378922,0.10935122227609889,0.0,0.0688977335381731,0.39519366621576674
0.34724549588548903,0.0747885385951466,0.27665663761119447,0.09141816646404262,0.20989116144412698,0.0
0.12538923566215215,0.27147355914806914,0.4440883378466386,0.0350245001103102,0.0,0.12402436723282954
0.0,0.30000557181438536,0.034323670435670604,0.20161465983941965,0.1699812496386948,0.2940748482718294
0.036156234548249164,0.16695531374518396,0.2542188604643955,0.31595518144701507,0.22671440979515597,0.0
0.22829249635235882,0.0028409762129628343,0.0,0.2611172384436078,0.3172503692042987,0.1904989197867714
0.1989095436047621,0.3633592775745351,0.06592327614196783,0.0,0.35263621452443983,0.019171688154294788
0.3472630455457036,0.07391583340461098,0.2778003806062457,0.09144063379775964,0.20958010664567972,0.0
0.13095995839311061,0.017267537731358976,0.2529337687217831,0.30570308775258115,0.0,0.293135647401166
0.031085290480786357,0.09795584811362035,0.29999488830357196,0.0,0.34188513651768004,0.22907883658434094
0.34702383568068945,0.07339932166393413,0.2787222773030523,0.09106509649355674,0.2097894688587669,0.0
0.19269386035992994,0.36459628381718673,0.07219375298722018,0.0,0.34433800959152777,0.026178093244134972
0.29212889020010346,0.1562916066942729,0.1292818491661149,0.0,0.11222106239602749,0.310076591543481
0.0,0.2998336894534202,0.03450768330242009,0.201645750616895,0.16992040709452666,0.2940924695327379
2.168404344971009e-19,0.3005384359553372,0.034083524749335604,0.201315318780068,0.17003939988517258,0.2940233206300862
0.13043386609214574,0.29436922115223146,0.4236486494952245,0.03243432018514928,0.0,0.11911394307524874
0.0,0.05699045671456047,0.33033057209881606,0.01559752749063011,0.32588326021853115,0.2711981834774619
0.22465676196197001,0.0,0.001446299173583654,0.2555408796024377,0.32585362218171,0.19250243708029838
0.12836993789746068,0.29299030931882336,0.42354164059527905,0.034670023262413585,0.0,0.12042808892602298
0.1341530121373328,0.022374088096073462,0.2543252014799815,0.3006581087712362,0.0,0.28848958951537573
0.12378988720172926,0.013093208231241998,0.2554704053968847,0.3041087956316077,0.0,0.3035377035385361
0.24634667584810035,0.025902510379717577,0.0,0.28231451643980965,0.2700256251731894,0.17541067215918257
0.12967849452120017,0.29401522831638005,0.4238932615572023,0.032983887701321844,0.0,0.11942912790389508
0.13132328739179164,0.02104911750304063,0.25795936207146203,0.2972020458485574,0.0,0.2924661871851479
0.032792666720681075,0.09936809033111811,0.2991363068454081,0.0,0.3416781988986649,0.22702473720412752
0.0,0.05460055194678686,0.33167302926783937,0.01854912174598213,0.32143174679120196,0.2737455502481894
0.12806867859660379,0.2923476026245946,0.4232886804487603,0.035457481533404174,0.0,0.12083755679663684
0.0,0.39916504232332845,0.0057466170406168145,0.05263873617330556,0.08323699589589942,0.4592126085668496
0.0,0.0542802328119777,0.33259902427086147,0.018945679605960147,0.3201778235504368,0.2739972397607636
0.23283497322316773,0.0015327422258996897,0.0,0.26853785180859624,0.30723070876014846,0.18986372398218748
0.2970277932754045,0.31570759868554144,0.06683165838360358,0.26956211761530163,0.0,0.050870832040148556
0.417258405269211,0.0022527323386761404,0.09926473842074678,0.0,0.05907434534830505,0.4221497786230608
0.24138993701979097,0.021724665261405027,0.0,0.27509759032155623,0.28205128295253395,0.17973652444471364
0.0,0.293106816520494,0.059851037110989304,0.1904571294654301,0.16664128703681527,0.28994372986627104
0.2222284249210716,0.0,0.0035368389509978226,0.2512957816122599,0.3296436837836861,0.1932952707319843
0.03327060072100412,0.16933931329092045,0.26389233200168555,0.31278858903221735,0.22070916495417237,0.0
0.1325001978905622,0.022227914799709668,0.25839503113071466,0.2960678431573038,0.0,0.2908090130217095
0.0,0.05405870876957505,0.3335394525018983,0.01920759945657142,0.31924475419156,0.27394948508039474
0.19254980833102903,0.36494501231708626,0.07290604279722901,5.421010862427522e-20,0.3429244175948797,0.026674718959775728
0.1245266500414908,0.2610782622334777,0.45491960918250635,0.03560817286376856,0.0,0.12386730567875613
0.2922083029223355,0.3004487745806633,0.0854094542592954,0.2626121739032459,0.0,0.05932129433445946
0.37249226911216815,0.05709780856257681,0.12020938557845347,0.0,0.08808508444027235,0.36211545230652875
0.12600157055677697,0.28308526849764554,0.43424412973978904,0.03333980879670547,0.0,0.1233292224090825
0.31273124285476306,0.15303638710761472,0.11269309680247633,0.0,0.09704624438331748,0.32449302885182807
0.12721013118441435,0.291466548512495,0.42302265068254014,0.03677319785583462,0.0,0.12152747176471561
0.1347434030753838,0.024598848366944256,0.25804169673251415,0.2946116735023769,0.0,0.2880043783227806
0.2220195130403146,0.004914176474885769,0.0,0.2466846782545865,0.3362345176321822,0.19014711459803052
0.38053577644343556,0.04990285807181889,0.11908897651523465,0.0,0.08484732410457342,0.3656250648649372
0.12550950795080995,0.26660566157357257,0.4491453542340323,0.03509758132045109,0.0,0.12364189492113375
0.23660000520400434,0.012732418800003014,0.0,0.2714759353602266,0.29471542928560107,0.1844762113501646
0.41486873574864686,0.004662563494936025,0.10123453949517365,0.0,0.061206165553897234,0.4180279957073461
0.12909926505502406,0.29345969150591555,0.42366022709589546,0.03386405057882724,0.0,0.11991676576433741
0.0,0.05471247652673104,0.3313235235681374,0.01844438852441411,0.32184788127247366,0.27367173010824347
0.026054578719103407,0.08918138798257781,0.29536634992955724,0.0,0.3558941298240875,0.23350355354467367
0.41071295019859055,0.01244491207459222,0.10712819114175559,0.0,0.06633807509286462,0.40337587149219667
0.12964356585501619,0.294040643350598,0.4239221152770197,0.03298687258179203,0.0,0.11940680293557368
0.22695219522591556,0.0,0.0029888975527359676,0.26033802830398967,0.31703676785267,0.1926841110646885
0.009402594081614913,0.06873494317801668,0.3205913281408024,0.0,0.3562592073194873,0.24501192728007856
0.41623115158386287,0.0029903828874017443,0.10004178216039218,3.3881317890172014e-21,0.0595979947738456,0.4211386885944971
0.028843278718825464,0.0941953551340581,0.2976547626327028,0.0,0.3478095405573494,0.23149706295706388
0.19283968617644767,0.3644958020736167,0.0721353688628041,0.0,0.3443585481850355,0.02617059470209566
0.13328291186668384,0.02301599171995164,0.258048601841258,0.2958934758109079,0.0,0.28975901876119836
0.12568904683356447,0.25925366545424167,0.4572833894580191,0.03504284911593106,0.0,0.12273104913824347
0.22655914354861031,0.004661858585473816,0.0,0.25760548699835256,0.32103151759219695,0.1901419932753661
0.03356649390619629,0.1693866544527921,0.2619533148786071,0.3125817282631304,0.2225118084992738,0.0
0.2252128990116148,0.0,0.006668865549347384,0.25783712567897915,0.31644868673391996,0.19383242302613832
0.29629666547148115,0.288144447604972,0.07550931902916314,0.2768648155689176,0.0,0.06318475232546585
0.1284574646837553,0.293098141010166,0.42359397453936326,0.03452357812638368,0.0,0.12032684164033142
0.22803093402093777,0.0035862164972091685,0.0,0.2610930311383512,0.31694494569861237,0.19034487264488922
0.0,0.293142922601659,0.05961603258157717,0.19053507385377996,0.1666548318262799,0.2900511391367036
0.12823629382435317,0.2911360997641359,0.4323381702152674,0.028428637665952796,0.0,0.1198607985302906
0.29054610409253595,0.32477784949671945,0.08141655457576683,0.25633721719536423,0.0,0.046922274639613196
0.29521849043669934,0.29052644032150704,0.0773364449646259,0.2744452736387612,0.0,0.062473350638406006
0.24264314289943323,0.02404156770577029,0.0,0.27603955142552344,0.27878898861401363,0.1784867493552593
0.41730696849951215,0.0018194999101287552,0.098728671145515,0.0,0.05862056588725687,0.4235242945575868
0.0,0.05356683968060384,0.33259709093285184,0.019896268052117853,0.3190294178192479,0.2749103835151783
0.03353850392380996,0.16961751231333444,0.2624657062743065,0.31243502052030975,0.2219432569682392,0.0
0.22463282840183285,0.0,0.002303375601902533,0.25589673572252825,0.32436916922115194,0.19279789105258416
0.2211897461933945,0.0,0.009079377246730849,0.2539518828642504,0.321771588058757,0.19400740563686691
0.2237565462121382,0.0,0.007994236575644798,0.2557012206211452,0.31812642215469294,0.19442157443637859
0.13345354486470937,0.023257079786427104,0.2581813798595055,0.2954427126568345,0.0,0.2896652828325232
0.22550275186070254,0.0,0.00340239037645923,0.2579358107967729,0.3201131087080551,0.19304593825801009
0.004780240905146205,0.07219854002563471,0.3199373634266603,0.0,0.3524418444706243,0.2506420111719341
0.31557426186924736,0.15362873583128825,0.1110112602151541,0.0,0.0958519116543984,0.3239338304299117
0.22831333268725076,0.0,0.001345204496565025,0.2624549728615471,0.31588525050075733,0.19200123945387948
0.13449952887113586,0.021661953109984814,0.25494477256636855,0.300754090789575,0.0,0.28813965466293545
0.03345337459033819,0.16932702772996022,0.2628330717724329,0.3128934111183075,0.22149311478896075,0.0
0.23784837914562462,0.01579653995444915,0.0,0.27276711656023295,0.2906019351359541,0.18298602920373877
0.0,0.3571818307080403,0.04311392213636609,0.09647743572207124,0.109553137047549,0.3936736743859731
0.2265852196812277,0.0,0.003252503433771842,0.25976291735260953,0.317580059801239,0.19281929973115147
0.03612569331711381,0.16687578784724436,0.25421795339394965,0.3160578855828085,0.2267226798588832,0.0
0.2375559209129048,0.009302524447157668,0.0,0.27173804320706113,0.2953883714347406,0.1860151399981356
0.03286827282488637,0.10125105713874138,0.29583603117837337,0.0,0.3453456856141099,0.22469895324388864
0.41700758416678274,0.002263360269208169,0.09930689820980843,0.0,0.05902010250527835,0.4224020548489221
0.4161322592398515,0.003345897194465304,0.10026571424761875,0.0,0.060022057098587,0.420234072219477
0.1931598033745483,0.36432109592808765,0.07124484800264387,0.0,0.34609512901020373,0.02517912368451602
0.28841681776484834,0.33274803141210924,0.08631183727076686,0.24999575402549193,0.0,0.042527559526783325
0.22700759754347186,0.0,0.0018038250489873767,0.2602696732527005,0.31853102641261105,0.19238787774222893
0.12988713231925217,0.29430944287920136,0.42403943992351134,0.03259824692266301,0.0,0.11916573795537165
0.032243201431970195,0.10001251077826499,0.30210839566513104,0.0,0.33814889820212773,0.22748699392250576
0.037174513096973706,0.16815535320930977,0.2503946832569919,0.31382595335985014,0.23044949707687443,0.0
0.12571523346214705,0.2683358786328476,0.4473258744823788,0.03497687249406264,0.0,0.1236461409285638
0.22603816939373544,0.0,0.003949246647474553,0.2589432372761014,0.3179805056434534,0.19308884103923488
0.2044879673567873,0.36276180183801354,0.0626409409776441,1.3552527156068805e-20,0.3558494040769214,0.014259885750633422
0.35761441365998303,0.0,0.330264380324447,0.10770664350201649,0.1890057394043659,0.015408823109187146
0.0,0.0566104628560309,0.3287789547095975,0.015959694856786142,0.3267292475517766,0.2719216400258084
0.12441667326527552,0.273550462340927,0.44197297230245236,0.03541023847443689,0.0,0.12464965361690794
0.19396631706010414,0.3640906376382417,0.07023880003545906,0.0,0.34768609799789363,0.024018147268301027
0.22792994155539548,0.012461331331481224,0.0,0.25323513832036904,0.31991119478135144,0.18646239401140247
0.12751985365054216,0.2919227559849263,0.42316879151451064,0.03617035993143941,0.0,0.12121823891858118
0.28824850438603816,0.33571539264425926,0.08683025069940387,0.24825721195424272,0.0,0.040948640316055614
0.12823666231787556,0.29278457368827526,0.42346700886664823,0.034950107263193614,0.0,0.12056164786400694
0.03281273286867624,0.16897377687713963,0.2620014015263258,0.3117631268527309,0.2244489618751272,0.0
0.3136874000283779,0.153288775048469,0.11217886387294854,0.0,0.09696778213782467,0.32387717891237944
0.2302888110026057,0.0027959707436742975,2.168404344971009e-19,0.265102637696186,0.31165624986753215,0.19015633069000154
0.40176109396465887,0.02600490699784923,0.1133783263793658,0.0,0.07477924088147868,0.38407643177664696
0.03353853501565119,0.16906402267794132,0.26126005232916655,0.31263719652693095,0.22350019345030958,4.336808689942018e-19
0.13220036632432086,0.02192923212325428,0.2584612338057066,0.29622009612980493,0.0,0.29118907161691276
0.19313352510098822,0.36483352818667236,0.07252810892725357,0.0,0.3435711657327549,0.025933672052330527
0.12734386720682758,0.29221678263949025,0.42285470476181675,0.03623161666135566,0.0,0.12135302873050942
0.03719900457059322,0.17521290691090036,0.23747873261240543,0.2919536697704106,0.2581556861356901,8.673617379884035e-19
0.4093047718669658,0.01012369409862497,0.1048807026731628,0.0,0.06573651139124682,0.40995431996999937
0.22247962152216422,0.0,0.008692229858307365,0.25372811031257564,0.32026587423811204,0.19483416406884033
0.13287734448791483,0.022615894570264472,0.25830466077159536,0.29584441699708913,0.0,0.29035768317313587
0.0,0.3804064256350374,0.022906418319170986,0.07512437268374787,0.09929472984078609,0.4222680535212573
0.13262085781065328,0.022359494494430872,0.2583653638546308,0.2959614697565462,0.0,0.29069281408373865
0.03616818468086293,0.16685096286702442,0.25379689264523275,0.31586700693839814,0.22731695286848141,0.0
0.1253257267921443,0.012061042112531046,0.2672133790013704,0.29519813578011767,0.0,0.30020171631383624
0.41739503267997924,0.0019345238020598626,0.09890074726802812,0.0,0.05874902261799749,0.4230206736319348
0.2293003810174814,0.0,0.0018114292336764376,0.2667178584004385,0.31151307280518725,0.19065725854321608
0.2882924622688608,0.3356376244039598,0.0867757302050651,0.24833393631707387,0.0,0.040960246805040346
0.0,0.2977468548252617,0.06917928278993868,0.18569944860060747,0.16139273429849776,0.285981679485694
0.003766402552448578,0.07181928826388634,0.3202448075270172,0.0,0.35255270571793806,0.25161679593870956
0.4165560804077791,0.002978457507462294,0.09988471490479577,0.0,0.059678898793067064,0.42090184838689554
0.3139545490586115,0.15438300760054005,0.11240140800914693,0.0,0.09587220677360071,0.3233888285581006
0.03171913524674627,0.17023987407278518,0.24701867339382952,0.30175898225307185,0.24926333503356665,0.0
0.28766126586319707,0.3395800535934772,0.0885581271157188,0.24457050262556926,0.0,0.03963005080203729
0.22622500129348674,0.0,0.002676298463414226,0.2589981505715422,0.3193762725546646,0.192724277116892
0.23041824506203032,0.0015938441162246335,2.168404344971009e-19,0.2661988966361687,0.31192931195898016,0.18985970222659598
0.3153543200976997,0.15416010275135808,0.11131865370475022,4.336808689942018e-19,0.09623771246062407,0.3229292109855676
0.22616758324940642,0.005448216858307037,0.0,0.2564356613453634,0.32208090826989993,0.18986763027702297
0.12540657954985523,0.009458711508009672,0.2742051700282927,0.290276115272085,0.0,0.30065342364175696
0.4172694403188483,0.001950660707035252,0.09895405624551683,0.0,0.0587067180781974,0.42311912465040186
0.0,0.2976236334716973,0.0692893115583624,0.18556745303164593,0.1613039509247337,0.2862156510135602
0.22856090092579076,0.0,0.0037947559953509483,0.262636510524646,0.3125938288338657,0.19241400372034642
0.3466115406752456,0.07424619549065127,0.27821108516725035,0.09056843194243021,0.2103627467244221,0.0
0.03673366914792212,0.17466478679858266,0.23883618475239113,0.29323983640892054,0.25652552289218306,0.0
0.0,0.2972360345332757,0.06847208606257107,0.18609904602082303,0.16183919188378837,0.2863536414995416
0.1261802974214695,0.2850122786532033,0.4333145279759019,0.032581844625964196,0.0,0.12291105132346071
0.346716401450409,0.07430782869385359,0.2780124398655366,0.09073002648862458,0.210233303501576,8.673617379884035e-19
0.0,0.29480006435340866,0.06360069909826398,0.18880493411171892,0.16485255642983054,0.2879417460067777
0.34659510990626463,0.07278214516434467,0.28067707650659923,0.09070412277172467,0.20924154565106645,0.0
0.12884457379129313,0.29339516939381777,0.4237157326477523,0.0340203705148448,0.0,0.12002415365229169
0.03609150902877731,0.16690034887397234,0.254535377237999,0.3162126267798203,0.22626013807943066,0.0
0.23514617729477266,0.018633226383843196,4.336808689942018e-19,0.2686881169179485,0.2944087764430015,0.1831237029604339
0.13273952166109124,0.021451699900358456,0.2555734504084062,0.30013994488477225,0.0,0.2900953831453715
0.37104573091042575,0.0390652061969116,0.2949828307995648,0.11703008452618001,0.17787614756691741,0.0
0.30712018910374694,0.15598336843943514,0.11951397775096317,0.0,0.1034421607042049,0.31394030400164963
0.22689223278081647,0.0,0.0024785422111419124,0.26018347348848914,0.3178676102828575,0.1925781412366946
0.23731117900995766,0.014200285909670075,4.336808689942018e-19,0.27171075501699027,0.29298230702757766,0.18379547303580385
0.03613792221566262,0.1668323348601299,0.25390296680096847,0.3159230689489118,0.22720370717432703,0.0
0.24229043841814274,0.02384622952185592,0.0,0.27598702250144974,0.2792416636295586,0.17863464592899264
0.1278611074696476,0.2935245895415235,0.4231310074102844,0.03484788240865605,0.0,0.12063541316988817
0.22690777295951528,0.00394447005426018,0.0,0.2587229071168295,0.3200447306038431,0.19038011926555162
0.03603132459487804,0.1670559624082755,0.25510387316394034,0.3162288911063936,0.2255799487265121,0.0
0.23406361141753712,0.3432605583109352,0.026158104233850017,0.016571020030067392,0.3799467060076099,0.0
0.0,0.29406190791609693,0.10391282077842186,0.17575812837784816,0.15375038106239053,0.27251676186524215
0.0,0.29884341883855686,0.04275276635519468,0.19711458504757393,0.168608878398194,0.2926803513604804
0.13229613303314866,0.022066460140420747,0.25768468454170945,0.29654825963353115,0.0,0.2914044626511897
0.22791344629289928,0.0007869584952054944,0.0,0.2613552221928739,0.3185691897987801,0.1913751832202408
0.1339718933217698,0.02385161101625994,0.25802389805137443,0.29514286052971245,0.0,0.28900973708088296
0.0,0.2935086664025397,0.0607880979840609,0.19007939326336754,0.16636875441339324,0.2892550879366385
0.031958114777193035,0.16574326813211432,0.25062664402578133,0.3139714261516561,0.23770054691325476,0.0
0.03005461229884323,0.09603119930790319,0.2979512660273712,0.0,0.3459095516430833,0.2300533707227988
0.30854321811434104,0.15441582067515142,0.11632051321854618,0.0,0.09961179043108533,0.32110865756087564
0.36587021950829834,0.0506816929823145,0.2855839057113532,0.11102165590962412,0.18684252588840958,0.0
0.23804475080651988,0.0153242560355283,0.0,0.27250115283281623,0.290983303958969,0.18314653636616643
0.22636394805684668,0.004951225795578202,0.0,0.2572513770294767,0.32135332870931127,0.1900801204087868
0.21923510443569305,0.0,0.002235095327213322,0.24680775430047402,0.3393701903933874,0.19235185554323186
0.2350458489405745,0.00404857043875477,0.0,0.27081826649984014,0.3018716917999318,0.18821562232089858
0.12307670058944326,0.2815123901079055,0.434676649648065,0.035633014605019074,0.0,0.12510124504956688
0.0,0.047800377172507874,0.33213939638382955,0.024900976536587696,0.31726541218497345,0.2778938377221011
0.416891384771956,0.002172324018575367,0.0992140974677699,0.0,0.058813188620221994,0.42290900512147644
0.4087852493728918,0.013543498187659778,0.10739437173075189,0.0,0.06715584648069607,0.40312103422800005
2.168404344971009e-19,0.3001600689060402,0.034377502319455355,0.20167034180693016,0.16997013702285996,0.29382194994471406
0.2268894732400302,0.0,0.005532023922095728,0.26021890605058007,0.31412458836106205,0.19323500842623165
0.12313578593693243,0.01236627725004221,0.2544003042941906,0.305298808418236,0.0,0.3047988241005985
0.13145832479109712,0.021273252977264484,0.2575767880895611,0.29723223066369087,0.0,0.292459403478386
0.3585274188975513,0.03646427598195623,0.09440629770095113,2.710505431213761e-20,0.08150100978444741,0.4291009976350935
0.314229772322776,0.15444756308537055,0.11237995748438316,0.0,0.0963211019930622,0.32262160511440774
0.21573443109439325,0.0,0.005771379349942429,0.24151677107176364,0.34384906011886046,0.19312835836503991
0.0,0.3673412554885559,0.033607132959650614,0.08511008876728314,0.10288726340342384,0.4110542593810862
0.3470674387893794,0.07428269987776454,0.27780029190914723,0.09120484496667836,0.20964472445703008,0.0
0.29329696155393137,0.2965159700308843,0.0826343153411509,0.2669242307944699,0.0,0.06062852227956286
0.1285361788494487,0.29145930919166363,0.432297198003553,0.028123375943022638,0.0,0.11958393801231185
0.22688849730662908,0.0,0.002201143900807334,0.26014122699258785,0.31825704080005124,0.19251209099992414
0.036010625649005285,0.16726971441786148,0.25551684264973507,0.3160609432705779,0.22514187401282004,0.0
0.21952186601663573,0.0,0.01258260172820293,0.25140668702892466,0.32120350992994406,0.19528533529629233
0.12388683400202329,0.008496214647528467,0.2710537492877657,0.2932358949277217,0.0,0.3033273071349605
0.12345268995893187,0.008346930530884927,0.2698908933655659,0.2943801111589679,0.0,0.3039293749856491
0.1930808546583702,0.3641213767756152,0.07128554860362464,0.0,0.3462134660471541,0.025298753915235554
0.291833043762373,0.156268911931102,0.12946643880970965,0.0,0.1124504701271959,0.3099811353696191
0.41079780644970937,0.00840704707190029,0.10453590834333416,0.0,0.06341428759531202,0.41284495053974385
0.13327429436575472,0.023045678970329525,0.25828811065914237,0.2955139582758528,0.0,0.2898779577289204
0.0,0.3090817542534816,0.07784978043799456,0.17862798125302162,0.14904641624530204,0.28539406781019994
0.0,0.05624605704224066,0.3300032732368099,0.016359855737547606,0.3254545644112083,0.27193624957219326
0.19276315801895524,0.3649891900203901,0.07256967821811004,0.0,0.3432204389108316,0.02645753483171283
0.1317293027767898,0.021505305487175802,0.25793718538247556,0.29680426481816047,0.0,0.2920239415353981
0.288186823859797,0.322990635779237,0.09014585769348309,0.24846919666340825,0.0,0.050207486004074244
0.3679164068614913,0.04768384243616477,0.28659044878818185,0.11275826871323204,0.18505103320092978,0.0
0.036143164283833885,0.16681804662492727,0.2534850912217342,0.31563035792702643,0.22792333994247793,0.0
0.13307513177809377,0.02038885431987125,0.25353275012066284,0.3028604855171903,0.0,0.29014277826418144
0.20725745033372148,0.3619062555861873,0.06096485657517097,0.0,0.3579721027540963,0.01189933475082361
0.3124716714927945,0.15323966967510425,0.1129381855652904,4.336808689942018e-19,0.09705807973773418,0.3242923935290765
0.12378772450635643,0.2815863667177489,0.43506241225953074,0.034829335336918406,0.0,0.12473416117944511
0.1303987334346376,0.2948389704041948,0.42426797032978675,0.03181641968101432,0.0,0.11867790615036637
0.03364299328427192,0.1683994949635756,0.25956670286679984,0.31288071591040023,0.22551009297495211,0.0
0.12876735713323284,0.292932029574515,0.42342147292261656,0.03454165610117799,0.0,0.12033748426845729
0.131617853955973,0.018182717544183838,0.25359372889425025,0.3045349240980159,0.0,0.29207077550757676
0.22795731429894428,0.0,0.0015767819126369792,0.26184758885403125,0.3164602427049296,0.19215807222945747
0.3994422320207822,0.027080331438765266,0.11344665355152367,0.0,0.07532059656090928,0.3847101864280192
0.2873697169938004,0.3390918532951388,0.08881985167545522,0.2446580308041558,0.0,0.04006054723144954
0.19681793485786256,0.364246500445028,0.06783001464260859,0.0,0.35019026400271913,0.02091528605178146
0.1286322096945614,0.29316558849052454,0.42362484646152443,0.034356076663135976,0.0,0.12022127869025334
0.28744466076190567,0.3395659068829057,0.088850597370242,0.2443689791308557,0.0,0.0397698558540909
0.40183487487145386,0.017209578581778955,0.10563540289032965,0.0,0.06878938531729209,0.40653075833914526
0.1250257641644569,0.014478143990977372,0.256765655127006,0.3024682983487825,0.0,0.30126213836877674
0.1312287578758614,0.020975877719324135,0.25880505731137493,0.2965335932491038,0.0,0.29245671384433547
0.40609231025119036,0.010817310438259327,0.10405724554841479,0.0,0.06391417170562688,0.4151189620565083
0.287821580794605,0.33992415399962955,0.08840942708735688,0.2451286202341489,0.0,0.03871621788425923
0.28777479795855276,0.15836772671815993,0.13276798677475704,0.0,0.11366790375630768,0.30742158479222237
0.2196396276165169,4.336808689942018e-19,0.011766143805488547,0.2516682928481863,0.32188443183656923,0.19504150389323874
0.3085264822001735,0.15426878950997513,0.11628024024072378,0.0,0.10011707301717228,0.32080741503195503
0.12591929647914418,0.26725290711990635,0.4484507059335143,0.034931418477378795,0.0,0.12344567199005617
8.673617379884035e-19,0.2925957080504175,0.057361333668871285,0.19145497437747677,0.16699567360144577,0.2915923103017883
0.21574316473318275,0.0,0.007983506872108217,0.2418725760060589,0.3400964389448822,0.19430431344376778
0.2354105801574061,0.010433384753233898,0.0,0.27049551663840354,0.29803358007033454,0.18562693838062147
0.4173661572587327,0.0019538801696993386,0.0989153359712715,0.0,0.05876030505906268,0.42300432154123346
0.12695362476157684,0.2890036737689334,0.43246611670223256,0.03021783948910446,0.0,0.12135874527815216
0.28827847375005816,0.33375675869455906,0.08649982263297326,0.24941143247538167,0.0,0.04205351244702767
0.1292406596613231,0.29372942148524767,0.4238371636289867,0.03348601902449723,0.0,0.11970673619994489
0.12424060034949246,0.008716594479267665,0.271826986108839,0.2924823388047457,0.0,0.30273348025765473
0.4147976419193731,0.0049382195536267865,0.10146863620952826,0.0,0.061431954284933775,0.4173635480325377
0.02852541632765327,0.09527310327395833,0.29962210966411995,0.0,0.3445663548833303,0.23201301585093784
0.13224735223719977,0.02176154077757558,0.2575283981315318,0.29695808617265573,0.0,0.2915046226810367
0.12749169049692213,0.29194990354953737,0.42316719923654655,0.03616636856775457,0.0,0.12122483814923914
0.12716371151346573,0.2914084110168296,0.42299961094478694,0.036854245583798774,5.421010862427522e-20,0.12157402094111842
0.03137202905056852,0.09618558460713858,0.2940526902396887,0.0,0.35019512226082855,0.22819457384177516
0.13207880703332742,0.021838887519530798,0.2581664951933876,0.2964191965714211,0.0,0.2914966136823327
0.2946659497187792,0.2920259715392349,0.07858219626165051,0.2727141875356349,0.0,0.062011694944700275
0.03188982062735348,0.09834807532470446,0.29851414544756244,2.168404344971009e-19,0.34331378108785665,0.22793417751252257
0.23049722440453546,0.0,0.0002984059727920087,0.26566848329109033,0.31228006728339336,0.19125581904818847
0.19327784163163456,0.3645703584275247,0.07128640262788957,0.0,0.3458263304528768,0.025039066860074097
0.2894030392012848,0.31442276742853564,0.08922482136796446,0.253055977862556,0.0,0.05389339413965853
0.12638153453988993,0.009224971068929376,0.2770580314081763,0.2882355455113606,0.0,0.29909991747164333
0.0,0.3482091494276936,0.05360335434650148,0.10754999960450892,0.11736202444931562,0.37327547217197987
0.0,0.05487873658251848,0.33208768077030915,0.01814498462072385,0.3215958090475629,0.2732927889788853
0.0,0.30028040870150496,0.03420685915478757,0.20146823155315688,0.17004165233282892,0.2940028482577213
0.12387665072139585,0.013261923807252936,0.2551293639958519,0.3040375226396782,0.0,0.30369453883582054
0.29141894727050943,0.30263613016229607,0.08617407985009855,0.26120066591633545,0.0,0.05857017680076012
0.29762983093659773,0.1676921188782523,0.12822982538183483,0.0,0.10904329328826386,0.2974049315150508
0.0,0.3005043071646019,0.07640739729412334,0.1824187954283992,0.15797689435451573,0.2826926057583595
0.12588182225509165,0.009369669567127259,0.27560595180326175,0.2892417051751342,0.0,0.29990085119938475
0.1259174782461916,0.009401033865198208,0.27565777376304645,0.28918564708772215,1.0842021724855044e-19,0.29983806703784127
0.0,0.29965705127558306,0.0744644645828433,0.18305897663863938,0.15879208380075707,0.2840274237021769
0.0,0.05450973784553198,0.329956192182662,0.019359860021099153,0.32140892864452414,0.27476528130618244
0.29402859279552757,0.29528675456938797,0.08218037990641228,0.2675236810470063,0.0,0.060980591681665544
0.12968943778541703,0.2940437997727013,0.4238994198432906,0.032969983580951365,0.0,0.11939735901763929
0.036304083154276065,0.16703453421530776,0.25375584333802587,0.3157991383120776,0.22710640098031223,0.0
0.12218557696553593,0.29785097601875954,0.4186617697325751,0.03820224510207711,0.0,0.12309943218105199
0.0,0.05476835369801927,0.33124539094879674,0.01836255273692056,0.3220320520182395,0.2735916505980236
0.0,0.06628801613686645,0.32247583359649373,0.007008893408830941,0.33866100698124857,0.26556624987655975
0.03378905724009458,0.10095314930528922,0.2977994955776863,0.0,0.34239332004382156,0.22506497783310808
0.0,0.05500431401053742,0.3316706949913439,0.01802209616701117,0.3220783630690461,0.27322453176206113
0.21977381524620565,0.0,0.011796307916945147,0.25173854850658406,0.3216171206468714,0.1950742076833933
0.22824060259413442,0.0,0.004089924239315983,0.2617967032698233,0.3131972983728643,0.19267547152386177
0.0,0.2971290886855579,0.04215764968144484,0.1981612277067892,0.1687179184611131,0.29383411546509447
0.3125121990706788,0.15304413221128152,0.11264561091189668,0.0,0.09735885780347672,0.32443920000266596
0.0,0.05536676962432636,0.33342488803613346,0.01764441113572545,0.321085035186466,0.2724788960173485
0.0,0.05498059038706428,0.3302746562172414,0.017979027896123136,0.32341969720802155,0.27334602829154925
0.22824033049695072,2.168404344971009e-19,0.0017455172346541893,0.2623169211832049,0.3155928817775614,0.19210434930762843
0.29171026783844706,0.30320822572776146,0.08673456798883268,0.26010524862599993,0.0,0.058241689818958525
0.0,0.2972947608963585,0.039803556645896736,0.19950939370336038,0.16883875687673947,0.2945535318776445
0.23819942658836848,0.016602197455107524,4.336808689942018e-19,0.2726946880440793,0.2898180825834783,0.18268560532896588
0.29027119676641755,0.30472727945011874,0.08536794052894392,0.2622355347695961,0.0,0.05739804848492326
0.1933579071229483,0.36491900274220557,0.07245606408012438,0.0,0.34335167236012504,0.025915353694596414
0.035751013247437714,0.16671997123743879,0.253009960425807,0.3147925918856181,0.2297264632036981,0.0
0.2883776245534934,0.33496016678553325,0.08658737791491225,0.24878447940296367,0.0,0.04129035134309722
0.19914786858642583,0.3659077083347213,0.0666958905519651,0.0,0.34948238391709163,0.0187661486097957
0.31922653574626575,0.156002060170109,0.10936078340625877,0.0,0.09443826128218363,0.32097235939518237
0.0,0.05419354768198012,0.33284333233211433,0.01924051974650292,0.3194273361510011,0.27429526408840127
0.3855446174345707,0.038835751152875436,0.11576596610384145,0.0,0.08102169269361845,0.37883197261509377
0.0,0.29747940247548843,0.04124024335910013,0.19853245017917998,0.16873245837163114,0.2940154456145998
0.12854633492811562,0.29350979477620437,0.42354273948218096,0.03420316096771605,0.0,0.12019796984578257
0.0,0.31364777158447665,0.08528103346508188,0.1465106529612257,0.13958747158820986,0.31497307040100553
0.3537915328330374,0.0,0.33147274609297983,0.10585101079847521,0.1920337082110309,0.016851002064476175
0.29243979132136666,0.15651335862496915,0.12901621277077982,0.0,0.11181656105128913,0.31021407623159486
0.19310269290497079,0.3649692272641787,0.072599554331937,5.421010862427522e-20,0.3429113524658772,0.026417173033036093
0.2893751025852311,0.3323900922483033,0.08550582142222585,0.2506349138047052,0.0,0.04209406993953442
0.033385204662566344,0.16929460619435585,0.26350123271025083,0.312905839519465,0.2209131169133616,0.0
0.2280394165559928,2.168404344971009e-19,0.00071956445290372,0.2618917722289937,0.3174226371139563,0.1919266096481531
0.2177289260155506,2.168404344971009e-19,0.0057966037167058015,0.24555855383120154,0.33726105275036394,0.1936548636861776
0.19276438025067696,0.3646436843701027,0.07221586412258547,0.0,0.34416723075970285,0.026208840496931847
0.1300874775430785,0.013996824107140452,0.27734759753311267,0.28569704505524895,0.0,0.2928710557614191
0.03249215327256757,0.09900965139028749,0.29872891014252084,0.0,0.3424798422731689,0.227289442921455
0.032307742282799784,0.0988592713147025,0.2990291927504458,0.0,0.34224370121582093,0.22756009243623065
0.28868294914230425,0.3228812997883613,0.08585082970564387,0.2544432193092344,0.0,0.04814170205445568
0.042088710975699356,0.1833473365006526,0.23169868994804066,0.27967562076516317,0.2631896418104438,0.0
0.36467829678107005,0.05182696097608298,0.2851757042981791,0.1099200167647415,0.18839902117992607,0.0
0.35828673023742214,0.08020181313060318,0.12318991275464646,0.0,0.09380326159028103,0.344518282287047
0.2177700707746033,0.0022279168179332918,1.0842021724855044e-19,0.23808518071967671,0.3529039321783257,0.18901289950946057
0.0,0.2924996270208054,0.05776155087169389,0.1913742717293466,0.16702279806006365,0.29134175231809006
0.12502580923469483,0.2808668333121031,0.4357627126596076,0.03428285623542089,0.0,0.12406178855817325
0.032633172226722636,0.16918679988758462,0.26239657072397904,0.3112880412033915,0.22449541595832193,0.0
0.31275784220977376,0.15354033905815173,0.11263190834760528,0.0,0.09777176931391016,0.32329814107055876
0.12556342325710018,0.2869606572430464,0.4326974915661769,0.03200755940987693,5.421010862427522e-20,0.12277086852379913
0.13133185375601192,0.020103962888394708,0.2579842661556413,0.29756665151277273,0.0,0.2930132656871791
0.22326793860901092,0.0,0.008470010911329411,0.25644357686123653,0.31811243851199833,0.1937060351064245
0.22840610824343197,0.0,0.0030978320811775695,0.26251129642488913,0.31364826748522,0.19233649576528092
0.01879556496942126,0.16718600205869855,0.2648670337739122,0.3189003909638101,0.2302510082341576,0.0
0.0,0.29996296934995864,0.034467571934928276,0.20162327888445586,0.17001371120753236,0.2939324686231245
0.29716380911446344,0.15597501863474225,0.12546589901833116,0.0,0.10918417245051247,0.3122111007819504
0.2877357714622408,0.33981974933712256,0.08853165576930135,0.2445005408982644,0.0,0.03941228253307069
0.19292366065958577,0.3651973600779576,0.07281211472915884,5.421010862427522e-20,0.34237605164510393,0.02669081288819352
0.0,0.054290900220197016,0.33337998141079644,0.01891960101448107,0.31967365416060134,0.27373586319392385
0.13321098320829206,0.022963239930135698,0.25827593860403875,0.29560798991700393,0.0,0.2899418483405293
0.12386930180280022,0.008304554673281483,0.2712440802941333,0.29310358949022786,1.0842021724855044e-19,0.3034784737395568
0.23394659424043854,0.34363692671392915,0.027083022804281646,0.01582160438255749,0.3795118518587927,0.0
0.11961459295086377,0.008375356362307409,0.2545964027479021,0.3073634051528645,0.0,0.31005024278606197
0.03142738807956104,0.09771779956933563,0.29753933680875966,0.0,0.3452737975574861,0.22804167798485736
0.036171148317435654,0.17405760210380877,0.23953797736927288,0.29429401105237324,0.25593926115710924,0.0
0.3671785820480869,0.066731861959251,0.12194716905936744,0.0,0.09073668663409082,0.3534057002992036
0.12820275568666878,0.013653726292958206,0.25227483985397464,0.3088395714490179,0.0,0.29702910671738
0.1982411239459815,0.3633662144223884,0.06633738604459939,0.0,0.35229578628665026,0.019759489300380198
0.2284473867814081,0.0017126161734809168,2.168404344971009e-19,0.2623142060902201,0.3166309878472441,0.19089480310764653
0.033495028541202995,0.16805590520566333,0.2588063783530224,0.3128206163405367,0.2268220715595742,0.0
0.0,0.2944991722805574,0.062304738834210185,0.18926067695270413,0.1655069286313909,0.2884284833011371
0.22192246757594272,0.005490065363015671,0.0,0.24827197851003535,0.3356765031267767,0.18863898542422947
0.31317785200945814,0.15397125594070277,0.11275573423159246,0.0,0.09638866263948194,0.3237064951787643
0.12537198899784197,0.00957441563089963,0.2739276100190246,0.2904420945919875,0.0,0.300683890760246
0.22661847336966903,0.0029254031664550616,0.0,0.2579768210360483,0.3217500734961799,0.19072922893164743
0.13314185926083988,0.02302057966707251,0.2578288661372115,0.2958282165911873,0.0,0.2901804783436885
0.0,0.30070783897177433,0.034152610558653006,0.20145163130481442,0.17040790586482035,0.2932800132999375
0.2197702398835544,4.336808689942018e-19,0.01279539341617439,0.2517616602840479,0.320413374171079,0.19525933224514386
0.13429172445519935,0.023991685737782518,0.2580051319969162,0.29503565264005854,0.0,0.2886758051700432
0.0,0.056217325784236785,0.32917126389436613,0.016412943375615063,0.3259827783650727,0.2722156885807091
0.03346878704972976,0.16921714621371314,0.26278686687475744,0.3130133290792219,0.22151387078257737,0.0
0.0335559593802593,0.16899253101251813,0.26342928075351774,0.3132310861190789,0.22079114273462555,0.0
0.12886376765701218,0.2936080729462135,0.4237963930367564,0.033816158624906126,0.0,0.11991560773511138
0.0,0.3003515898614743,0.03410469460910614,0.20140452861102628,0.16999444217341628,0.2941447447449766
0.22894821327248188,0.0028773140426534456,0.0,0.2629333675320734,0.3148076649329524,0.19043344021983855
0.0309170609171059,0.09708635050086183,0.29791606949019345,0.0,0.3451999836757995,0.22888053541603906
0.29906922481031184,0.1668257130212001,0.12774176255960912,0.0,0.10649332843426242,0.2998699711746163
0.20405816108919908,0.36220086756848074,0.06262941259618379,0.0,0.3564080664212563,0.014703492324879724
0.34775970674407836,0.07483167830474444,0.2759636633162001,0.09214063689272745,0.20930431474224934,0.0
0.22621196922995868,0.0,0.002716550378429951,0.2590489721301426,0.3192670227505908,0.19275548551087762
0.1295820758678063,0.2939730155235559,0.4238950056228819,0.03308413805340582,0.0,0.1194657649323499
0.13304669716880063,0.019467457737233167,0.25394475911664965,0.30318002794058063,0.0,0.2903610580367356
0.12832603550937569,0.2926249715133315,0.42338673879239563,0.03505125630519358,0.0,0.12061099787970327
0.0,0.3039585228666122,0.07914286236369018,0.18120144279483125,0.15454417785277627,0.2811529941220898
0.1928106337161924,0.3642355509183934,0.07187483457167503,0.0,0.34514630910401434,0.02593267168972445
0.028891270900749205,0.09313175672063947,0.2962819181755527,0.0,0.3496310154591984,0.2320640387438601
0.23143763269316617,0.0,0.0006449781898771514,0.26670560008716127,0.3101630086727789,0.19104878035701628
0.0,0.29153557819734643,0.059223971129762985,0.19111807309199047,0.1671121141115419,0.291010263469358
0.41624059721441337,0.0033095615047537713,0.09998026110849,0.0,0.060106716990382544,0.42036286318196
0.0,0.36939964168386025,0.03579887849485708,0.08482567065702101,0.10491989209850144,0.4050559170657598
0.13151071093842948,0.29574508553835005,0.4244697860224529,0.030479987462528745,0.0,0.11779443003823835
0.0,0.2982042973546905,0.07063382383609737,0.18462390944992718,0.16043535171936787,0.28610261763991673
0.12958441423384107,0.2935835452492418,0.42350444710401675,0.033538260845094474,0.0,0.1197893325678057
0.31272403612030975,0.1531343960722171,0.11274740818533034,0.0,0.09747043209412218,0.3239237275280202
0.19314049084878684,0.36439718346871236,0.07133112065515351,0.0,0.34587965940761195,0.025251545619734937
0.0,0.04595622485219405,0.332096003307048,0.026813102987964424,0.31586399076236676,0.2792706780904266
0.199632223181077,0.36750348526795756,0.06684275516399697,0.0,0.34777799278756943,0.018243543599398705
0.0,0.05469654216951878,0.33097904591357724,0.018462272250020267,0.3221652535030971,0.2736968861637864
0.2169625319746653,0.0,0.006922079053018402,0.24406750963472965,0.3379895946697472,0.19405828466783898
1.734723475976807e-18,0.30156200599011546,0.07840428443271406,0.1819970311469847,0.156954892504696,0.28108178592548944
0.1338261026150592,0.020793267058672595,0.2542005706077427,0.3020112747303753,0.0,0.2891687849881498
0.219498921077076,0.0038387447804880664,0.0,0.24260792548825613,0.3451018861636595,0.18895252249052008
0.12544709397153025,0.2954260896971508,0.4209031075552093,0.036599205636738304,5.421010862427522e-20,0.12162450313937094
0.23080777077867767,0.0,0.00032030239141379044,0.26603945037183446,0.3116580594015599,0.1911744170565139
0.3501285622251,0.07367141926385493,0.2748663430953445,0.09579239339173612,0.20554128202396404,0.0
0.0,0.3003962743282341,0.03433347026872946,0.20152829343873113,0.1702636953304124,0.2934782666338925
0.4137447682514495,0.0059031028209794185,0.1020841810430547,0.0,0.062420825227291386,0.4158471226572246
0.03356733438164204,0.1000995415858896,0.2975587511154861,0.0,0.342924827664467,0.225849545252515
0.032647891953449304,0.09920783539313914,0.29883024453912405,0.0,0.3422269049266815,0.2270871231876056
0.12815102003520387,0.29253013119804505,0.4233699996469734,0.03523179041849312,0.0,0.12071705870128403
0.22568149609611232,0.0,0.0018899131268099543,0.2578429757785121,0.32200023349833334,0.19258538150023186
0.13225748566477954,0.29640175186663686,0.424698242831909,0.029491027776515667,0.0,0.1171514918601584
0.0,0.2947706812378739,0.06210042487856884,0.18921869944900824,0.16554636099595185,0.2883638334385969
0.3465126919739059,0.0722175513105014,0.2808225953200893,0.09027683946984887,0.21017032192565419,0.0
0.19278588402042618,0.364673245265553,0.07204922411982924,0.0,0.3444920099751282,0.02599963661906297
0.2885004769297383,0.3328169941950945,0.08620992556138048,0.2500510346888303,0.0,0.042421568624956295
0.1928150217807549,0.36471440667776844,0.07207993701054793,0.0,0.34436786169320127,0.026022772837727057
0.0,0.06421751237657267,0.3241579339857109,0.008403807026111156,0.3368150954476944,0.26640565116391063
0.22003682019226517,0.002781588820425282,0.0,0.2427108016447384,0.344195552711083,0.19027523663148768
0.293054198880344,0.15561263168237052,0.12851595562057286,0.0,0.11239066974353566,0.31042654407317655
0.02649555494856455,0.09308055677526669,0.2994457593260545,0.0,0.34688490877018663,0.2340932201799273
0.12509047426115927,0.2806992981955107,0.43587921544752734,0.034284525005223165,0.0,0.1240464870905793
0.031375745123696924,0.09638871400675009,0.2941470279209997,0.0,0.35032635341777224,0.22776215953078066
0.23973699525001457,0.013785135936675331,4.336808689942018e-19,0.2731747774724514,0.28957899581967145,0.18372409552118676
0.03344011746164666,0.16934021768463736,0.26292923943196883,0.3128731285291325,0.2214172968926141,0.0
0.12721224200856007,0.28718196926413536,0.43248201846417716,0.031259299283728,5.421010862427522e-20,0.12186447097939893
0.3491455411391316,0.07295651153441085,0.2767951279376178,0.0941648047848432,0.20693801460399616,0.0
0.287623994625807,0.33950298989362854,0.08857075458807373,0.24461116277430112,0.0,0.039691098118189425
0.19248869921120637,0.36479189344840846,0.07291643476611302,0.0,0.3430847543681932,0.026718218206078632
0.12849998736848076,0.29268650935411594,0.4233662036376101,0.03489627226764219,0.0,0.12055102737215066
0.22625052485214023,0.0,0.001187366296493223,0.25866208196436,0.32160515764081443,0.1922948692461918
0.3133433561491532,0.15339469400591885,0.11231954777488219,0.0,0.09668870545489729,0.32425369661514825
0.19314252116540462,0.3648067975891353,0.07235304991591049,0.0,0.3439408118606108,0.02575681946893849
0.19246449166069707,0.36438684333926574,0.07254445188410778,0.0,0.3440893334578105,0.026514879658118447
0.03177159109780064,0.0982640121242555,0.2974218748086784,0.0,0.3450920318249557,0.22745049014430946
0.31522126272202233,0.15378276346827238,0.11106484550080911,0.0,0.09541914595882167,0.324511982350074
0.228751257425697,0.0,0.0017747531038911594,0.2630963470591794,0.3143729612917095,0.19200468111952249
0.29764112563882006,0.2856816427793536,0.0739590125199008,0.2788488403289337,0.0,0.0638693787329916
0.13195791735803594,0.021697212510835368,0.25862168715947714,0.2961823662949702,0.0,0.291540816676681
0.12714254794001492,0.28732114153583654,0.4325501492044369,0.031197824047103802,0.0,0.12178833727260746
0.036134177079334306,0.16689306305664564,0.2542416296871786,0.31606457710628694,0.22666655307055414,0.0
0.12934991961341558,0.2936232139581144,0.4237024810259355,0.03356693400394329,0.0,0.11975745139859087
0.19610144990291764,0.3650253514263561,0.06817607533177757,0.0,0.34919818526247065,0.021498938076477615
0.226235771924398,0.0,0.00451462256257363,0.261374585861665,0.31562930361233504,0.192245716039028
0.12586694708378832,0.2853905152692705,0.4333141584272948,0.03250348203259742,0.0,0.12292489718704863
0.34580741087939465,0.07384286190680045,0.27972781731371194,0.08951231934177585,0.2111095905583168,0.0
0.1278127524695453,0.29213946173516186,0.4232340482915931,0.03579291929626517,0.0,0.12102081820743427
0.31317423735354255,0.15344786323338688,0.11244428179343605,0.0,0.09692348050814974,0.3240101371114844
0.03295231768753919,0.09955036935472857,0.29926940722670625,0.0,0.34136712251825785,0.22686078321276787
0.23721228605548064,0.014156657399630738,0.0,0.27288649699142636,0.2921630967672459,0.1835814627862159
0.036196054736776166,0.16685735082814498,0.2537517468246955,0.31589213220181445,0.22730271540856856,0.0
0.1239412362571331,0.2836508739997321,0.43365441246796477,0.03429804221678761,0.0,0.12445543505838205
0.23476380526124146,0.009035092821424404,0.0,0.2713382298317572,0.2989155972658248,0.18594727481975185
0.28803493553771586,0.33115821539802787,0.08666354129070901,0.250437532328176,0.0,0.043705775445371
0.1964209581469365,0.36427020005315447,0.06791446939872943,0.0,0.35007875435870967,0.021315618042469512
0.34688668397437694,0.07440844443736978,0.2776348480912242,0.09092400562145907,0.21014601787556966,0.0
0.12537376883024268,0.2819742856578192,0.4349610182270966,0.03389826746821957,0.0,0.12379265981662169
0.0,0.30082842806851584,0.033957436025797295,0.20154138807658856,0.1704329084762477,0.2932398393528503
0.13300108476548783,0.022743326168022552,0.25822974095435475,0.2958218984971193,0.0,0.29020394961501517
0.13340554508606056,0.023222592530389167,0.25797454813969983,0.2956503678415103,0.0,0.28974694640233994
0.03604430761120351,0.16680043257886437,0.2542350974162141,0.31603965983079946,0.22688050256291828,0.0
0.29713206835415773,0.28356810542024163,0.07143397723316007,0.2828697613218292,0.0,0.06499608767061105
0.36912905393142864,0.049024386986609755,0.10925352138154017,0.0,0.08728696207013267,0.3853060756302885
0.3466563337706358,0.07419819685283967,0.27821600858408646,0.09063048720025792,0.21029897359217986,0.0
0.03330681233605599,0.09992432546320992,0.2987294131302397,0.0,0.34177694736786757,0.2262625017026265
0.29247245033898384,0.2978576995727003,0.08267918952878256,0.2668631439245448,0.0,0.06012751663498826
0.2961160056695293,0.2900074483157872,0.0779067782779754,0.27336193205009035,0.0,0.06260783568661733
0.31078250168713645,0.1538359237732967,0.1145099167900974,0.0,0.09841307283150824,0.3224585849179609
0.12466571494375715,0.2810091576863996,0.43568998165050854,0.034381298838308386,0.0,0.12425384688102596
0.0,0.35657893003252744,0.04803476771265323,0.09932717120866358,0.1135110071148427,0.3825481239313127
0.0,0.05443826224478923,0.33211779743103126,0.01871640849969776,0.3208706243715442,0.2738569074529373
0.2152822429041618,1.0842021724855044e-19,0.0019123245588873138,0.23695717321117904,0.3550357099764139,0.19081254934935757
0.2904700764602534,0.3044884219259209,0.08600063722019852,0.2612640374940238,0.0,0.057776826899603215
0.02416704506871115,0.16964492942542359,0.26279808634976654,0.3167268632808256,0.2266630758752727,0.0
0.0,0.05392597253955919,0.33234974003537415,0.019321807444128168,0.3200259923109222,0.2743764876700159
0.21632487851852417,2.168404344971009e-19,0.006436468029209594,0.242226459670327,0.3410925179654321,0.19391967581650682
0.037764583138976605,0.17605356338444156,0.23546744949307438,0.29003654901547027,0.2606778549680369,0.0
0.13135217768822668,0.017150480202924874,0.2535988742819659,0.3052166219472795,0.0,0.2926818458796025
0.1926458256686656,0.36477409668154753,0.07246353691769039,0.0,0.3437327423078211,0.026383798424275184
0.21345617986624402,0.3651748442203338,0.05723481675966921,0.0,0.356890941084082,0.007243218069670582
0.030854063042060755,0.16936605727506188,0.2463960748061701,0.30255312285605734,0.2508306820206497,0.0
0.032113231740695275,0.09851189002129668,0.29825677564515346,0.0,0.34347380076141637,0.22764430183143775
0.35893311730414945,0.0,0.32990809941025967,0.10818741596332268,0.18809958629198517,0.014871781030282664
0.0,0.2974667372200737,0.039367036288699066,0.19974216278824852,0.16883688496691635,0.29458717873606194
0.12765074474420052,0.2919964675577346,0.4231936870770229,0.036022449615894,0.0,0.12113665100514778
0.12511232140835113,0.27956790356372235,0.43670818047477555,0.03448619001985498,0.0,0.12412540453329568
0.29763865917309906,0.28631751882815076,0.07477797141117361,0.2776047780727044,0.0,0.0636610725148717
0.12557799308957723,0.2871235518825534,0.4326038048813869,0.03192145630025472,0.0,0.12277319384622737
0.03621750964828077,0.16701657725773375,0.2541908081784437,0.31599098735158754,0.22658411756395375,0.0
0.0,0.2993371368604329,0.0481909476481293,0.19424405495096186,0.16695623157409217,0.29127162896638353
0.22634935354166436,2.168404344971009e-19,0.0036672848095384925,0.2610537074302091,0.3168122385824283,0.19211741563615936
0.29222476002376635,0.3211051107700174,0.08944995767574522,0.24786696802222372,0.0,0.04935320350824697
0.1967157100367742,0.3634905863315091,0.0675094527914422,2.710505431213761e-20,0.3511555957135397,0.021128655126734338
0.12675094983558233,0.29192535538980957,0.42258092562819094,0.036980704060036104,0.0,0.12176206508638059
0.22458426485974245,0.0,0.007021306959101034,0.25691888655239936,0.31743754435597193,0.19403799727278487
0.13340230134987707,0.023172901483513593,0.2582647089192743,0.29545522990989254,0.0,0.2897048583374422
0.12763768056861252,0.2919675825155983,0.423182537198941,0.036057785527501746,0.0,0.12115441418934604
0.0,0.29907170488610046,0.03652785761353317,0.20064711526050658,0.16928690233789348,0.29446641990196604
0.03609498078356577,0.16680834278060594,0.2538932632345813,0.31585240139935555,0.2273510118018911,0.0
0.2883619288961148,0.15733379187650476,0.13199853162274366,0.0,0.11396185717418716,0.30834389043044924
0.02894877825335224,0.09562612972697582,0.29922910150190823,0.0,0.3448385198721469,0.23135747064561668
0.29444980226412254,0.29341638244888324,0.08035523495945811,0.2701645443896219,0.0,0.06161403593791385
0.12436198176426352,0.008874282087950583,0.27201635167924904,0.29229280482188097,0.0,0.3024545796466555
0.2873275020654021,0.3375832927243189,0.08845707083107054,0.24583101835302454,0.0,0.0408011160261835
0.19405080247096718,0.36496373441911434,0.07156393373540158,0.0,0.3458244874960413,0.02359704187847505
0.026877514868192284,0.08779415576376613,0.2949827411008669,0.0,0.35485105902994646,0.2354945292372278
0.13009559757615002,0.018617789776177087,0.2525537859920023,0.30486677207251583,0.0,0.2938660545831544
0.13104752950629336,0.29537213116981414,0.4244196537822038,0.031004262647083416,0.0,0.11815642289460487
0.12687226201695342,0.2912079753101856,0.42291851842192263,0.037228415197090456,0.0,0.12177282905384751
0.4154047550687424,0.004381883373912766,0.10120535783624715,0.0,0.06089313137483679,0.41811487234626055
0.007319660365227269,0.07185504362437761,0.31886278182138295,0.0,0.35400318383569435,0.2479593303533176
0.40259338415852813,0.021560321199767165,0.11116795907861061,0.0,0.07223680148598918,0.3924415340771046
0.19309133364276126,0.3648700584737645,0.07226166189291339,0.0,0.34409434044660536,0.025682605543955045
0.13157295131141158,0.3221828919383036,0.431041296848486,0.013240443923434944,0.0,0.10196241597836336
0.39616600847802197,0.030221255854098343,0.11425364837724411,0.0,0.07664021370364782,0.3827188735869875
0.03345941369395423,0.10054776282083255,0.29642672922054786,0.0,0.344332955815522,0.22523313844914297
0.12553784798294368,0.008125418433707055,0.27648140126324133,0.2894780129768893,0.0,0.30037731934321826
0.016873913100274057,0.16499652725383523,0.2625382570613888,0.32130535760644713,0.2342859449780546,0.0
0.2895675033671159,0.3165468416934111,0.08923842470893634,0.25179530043376996,0.0,0.05285192979676642
0.02862793195596894,0.09494946861604238,0.29879039015304365,0.0,0.3459042160806602,0.23172799319428436
0.41543592376182764,0.004483730839122648,0.1010792823387815,0.0,0.06107428144969217,0.41792678161057556
0.13385820044938335,0.023656585484114843,0.25811058573677503,0.2952550439730611,0.0,0.2891195843566653
0.28751947437585423,0.33348301570037187,0.08755560404639089,0.2486613810526229,0.0,0.042780524824759664
0.19543739833224866,0.3641408975780148,0.06884352052111599,0.0,0.3492554105964783,0.022322772972141688
0.1253464726488177,0.2773489658644054,0.43853295448578816,0.03467477748910848,0.0,0.1240968295118799
0.032567668838696245,0.09914751086662525,0.29852142857200337,0.0,0.3427191065387841,0.2270442851838907
0.036091035403746516,0.16685330970711426,0.2542747290710357,0.3160538989816951,0.22672702683640802,0.0
0.0014843654936752806,0.07240066387112569,0.3205151070032096,0.0,0.34996311724793233,0.2556367463840567
0.40123313504458624,0.025919920918664626,0.11322788412636457,0.0,0.07465100987911862,0.3849680500312658
0.04001384307185524,0.1808281543189582,0.23696613628710053,0.28503671718925333,0.2571551491328323,0.0
0.22610306409536274,2.168404344971009e-19,0.0034009680064901633,0.2602199789215374,0.31813906789934965,0.19213692107725966
0.0,0.2989344504270932,0.03472881883265053,0.20195808921386146,0.16947065529746488,0.29490798622892955
0.0,0.31110209895135865,0.07902204359187058,0.1775720990748825,0.14590889689458755,0.28639486148730037
0.31672705978679244,0.154812208335148,0.11055299473838924,0.0,0.09558783994052795,0.3223198971991423
0.12915389267701402,0.29373197661449085,0.4238491829002451,0.0335272443474643,0.0,0.11973770346078536
0.13430322581489915,0.022162915810119945,0.2541564398571585,0.3009520599395582,0.0,0.288425358578264
0.0,0.300797185996945,0.03409741518355283,0.2014334556940656,0.1704561455663517,0.29321579755908467
0.0,0.2927758967258916,0.05955910984205674,0.1906607957898929,0.1667513520662196,0.29025284557593894
0.1298021805099279,0.01443219326123562,0.2532483592661814,0.3070796077082652,0.0,0.29543765925438936
0.1172432297548345,0.2856481369673867,0.42780268019796747,0.04255384522252744,0.0,0.12675210785728344
0.31278273876337775,0.1529925361280469,0.11261222320987432,0.0,0.09726674492749961,0.32434575697120105
0.22715958585075352,0.0,0.0014652628416740206,0.2604578315672203,0.31873181686845925,0.19218550287189254
0.0,0.059519653731832774,0.32597957654590975,0.013222120225058184,0.3310177908658954,0.2702608586313036
0.23750058137157015,0.009086996843911054,0.0,0.27176102804485774,0.29555232764453776,0.18609906609512294
0.19269848890757746,0.36472927982655556,0.07230186403186672,5.421010862427522e-20,0.34401866496378175,0.026251702270218034
5.421010862427522e-20,0.04743447984474666,0.3354619990866313,0.02536710468783689,0.3137115963221547,0.27802482005863005
0.12186097486205771,0.2785047788508556,0.4363823167532854,0.03729488211299625,5.421010862427522e-20,0.12595704742080452
0.1298477756347749,0.01868875593251307,0.2572821334271687,0.2990907260502871,0.0,0.2950906089552559
0.03345730822419925,0.1691590262007072,0.26327988640485067,0.3130697265412516,0.221034052628991,0.0
0.19318102570393866,0.36375487589084005,0.07124722842801101,0.0,0.3465733301417925,0.02524353983541766
0.1928341874412734,0.3649899692543067,0.07244766361253417,0.0,0.34347337248230075,0.02625480720958472
0.2948784622583496,0.2921312207521473,0.07928194353488081,0.27168662265988586,0.0,0.062021750794735944
0.22595427433527815,0.0,0.0011530629508819962,0.25811660832750893,0.3224497621208853,0.19232629226544531
0.19602753838899606,0.3658278009869266,0.06974166044288578,2.710505431213761e-20,0.3468889441168068,0.021514056064384494
0.4111906723457652,0.009287918278816237,0.10464455649282801,0.0,0.06346684666543692,0.41141000621715335
0.22627469107162862,0.0,0.00234072928591327,0.25905294309822846,0.3196944730219155,0.19263716352231394
0.12946939392694062,0.29399556874921273,0.42395216847632944,0.03310665333063945,0.0,0.11947621551687733
0.13166034511643487,0.019219104739934413,0.2527623674409104,0.30438008007837514,0.0,0.2919781026243448
0.2275769747379531,0.001825445276911377,0.0,0.26055397154151666,0.31903877337360365,0.19100483507001495
0.0,0.05902230341129742,0.3283113210284268,0.013220120334421263,0.3298508440124362,0.26959541121341796
0.12618895749695966,0.3213780394737081,0.4310757474798162,0.013923436528642667,0.0,0.10743381902087293
0.11964097745591495,0.3019618346843153,0.4176943152087889,0.03700247236798246,0.0,0.12370040028299793
0.3460960679542031,0.07421713935946057,0.27889208953752276,0.08991644070793156,0.2108782624408817,0.0
0.12651989060533594,0.28686311827358885,0.4327874349749861,0.031578314866228065,0.0,0.12225124127986052
0.1928728607204193,0.3647114004586198,0.0719258721196075,0.0,0.34466178639762685,0.025828080303726124
0.1247613820396413,0.2607787154623811,0.4552941971334406,0.03549152096193299,0.0,0.12367418440260378
0.13312782451775887,0.022884986071340804,0.25810159777367536,0.295824281575762,0.0,0.2900613100614626
0.1256876535730856,0.27756192253200723,0.4383422026817311,0.034527982518085185,0.0,0.12388023869509036
0.3754017144711786,0.03632666156080966,0.29106309552435256,0.12312910776207352,0.17407942068158552,2.168404344971009e-19
0.03344200049584396,0.169184617170129,0.26334966586755865,0.3130348125095226,0.22098890395694548,0.0
0.0,0.05475438175165811,0.3325531424273997,0.018254492982192186,0.32114215524885786,0.2732958275898918
0.1249192666175777,0.2827442346589355,0.4345571299330836,0.033850130404757386,0.0,0.12392923838564537
0.12613828272195002,0.2968440827379727,0.4212941609249701,0.034957426313057344,0.0,0.12076604730204962
0.1923177630194124,0.3645203174203086,0.07304293006344122,0.0,0.3432777171863222,0.026841272310515366
0.3529628315672018,0.07001728323322727,0.2777259949842024,0.09995881573186675,0.19933507448350168,0.0
0.12336062079868247,0.008183281222774789,0.26992990390613986,0.2943924176567764,1.0842021724855044e-19,0.30413377641562617
0.0,0.2997886932980689,0.034333194048355005,0.20175449691930694,0.16987205752609022,0.2942515582081787
0.0,0.2997599495882687,0.034332681645231164,0.20177801904359385,0.16991022060104446,0.2942191291218615
0.12294437853767541,0.27117642289616706,0.4435216679284782,0.03690597822976932,0.0,0.12545155240790973
0.21211381263766813,0.3610079326728835,0.05842479162636441,0.0,0.3605576702339479,0.007895792829135407
0.2878391069492315,0.33983524334696447,0.08843956647174228,0.24459648058239877,0.0,0.039289602649662685
0.12812356631740612,0.28970487517533067,0.4320860542778408,0.029488959570520747,0.0,0.12059654465890104
0.12107808425812563,0.010413622785802181,0.25452931619153596,0.3060470810251254,0.0,0.3079318957394104
0.0,0.29572368494950757,0.06364451158036294,0.18844310275123993,0.1646014517178306,0.2875872490010587
0.1321942277060455,0.02205502831167391,0.2576830851708074,0.29658460813981646,0.0,0.29148305067165653
0.12317506886736093,0.012476871376244286,0.2565815606282676,0.30357871231667166,0.0,0.30418778681145536
0.13437511606148247,0.021855795696715526,0.25439573185409536,0.30104216768781467,0.0,0.28833118869989155
0.2402499920826723,0.019598976717553517,0.0,0.2742246261377712,0.2850373021448454,0.1808891029171571
0.12585150424615274,0.26612846105179977,0.4496979914207006,0.034946489378883484,0.0,0.12337555390246314
0.22830766108236,0.0010862236297873508,0.0,0.2622852782859545,0.31710897805778865,0.191211858944109
0.2998912477008716,0.15639702020886012,0.1235201355282363,0.0,0.10849406563280813,0.3116975309292234
0.02781551002748657,0.09569113868138603,0.3009320578292885,2.168404344971009e-19,0.3430753054389281,0.23248598802291046
0.0299061457484454,0.09565426598135994,0.2976148594565709,0.0,0.34661977893158774,0.23020494988203577
0.1258126812906778,0.2750458035367061,0.4405657655474722,0.03473055808418112,0.0,0.12384519154096246
0.1284226067128115,0.2930447782838544,0.4235765451360672,0.034592596645809805,0.0,0.1203634732214567
0.3399024386081229,0.0,0.3310308537253408,0.1011252185638938,0.20038096553902224,0.02756052356362009
0.13342710743691744,0.023301802921754954,0.2578649398323297,0.2956067718484487,0.0,0.289799377960549
0.34790623916721175,0.07480146848384794,0.27584096851878825,0.0923689608575104,0.20908236297264138,8.673617379884035e-19
0.34703490827531497,0.07426338147009245,0.27767105004465675,0.09116221361568079,0.20986844659425477,0.0
0.29425159710445653,0.32432685356190893,0.07431282454450193,0.2605719094123262,0.0,0.04653681537680612
0.1333804688812819,0.023167341970638126,0.258167323885026,0.2955330967493868,0.0,0.28975176851366685
0.12973207805120665,0.29396082867041956,0.42380212616789287,0.033053851352560525,0.0,0.11945111575791995
0.23403195951756578,0.34730842472071577,0.03275418264903115,0.011061835799333536,0.3748435973133533,0.0
0.35998336249470236,0.0,0.3295779563323036,0.10859717829044596,0.1873515320470136,0.014489970835534133
0.12600318908243247,0.015592212226349426,0.2559565170456302,0.3020514786780629,0.0,0.3003966029675246
0.13352323395686225,0.023318954962713537,0.25813881645221104,0.2954525371978129,0.0,0.28956645743039994
0.1928149548760646,0.3640301932085711,0.07163289681607544,0.0,0.3457989938373314,0.025722961261956986
0.03327279744199023,0.10158913976904627,0.296410899030608,0.0,0.34425137254387933,0.22447579121447564
0.20318535242599547,0.3620717352955039,0.06302709190260847,0.0,0.3561817643770412,0.015534055998850582
0.19272081037579245,0.3647759572749643,0.07227921480990461,0.0,0.34401395784577615,0.02621005969356202
0.13028101283740612,0.29438987838366115,0.423845974538805,0.03240493308392832,0.0,0.11907820115619894
0.0,0.29416490897778086,0.060961500536510685,0.18981818375861104,0.16615817767492622,0.288897229052171
0.3470966239299821,0.07432052195318928,0.27748965140137455,0.09121022958252531,0.20988297313292834,8.673617379884035e-19
0.19726561067837137,0.364047099427929,0.06737468498061984,2.710505431213761e-20,0.35076130789714655,0.02055129701593324
0.21159283606542229,0.3656491336764737,0.058479100630973876,0.0,0.3549377116514726,0.009341217975657424
0.12427332581967249,0.279603937558616,0.436690974917737,0.03484236020318709,0.0,0.12458940150078701
1.734723475976807e-18,0.30125412193710305,0.07788461790807974,0.18196609885683662,0.15726428938069056,0.2816308719172898
0.12745651010582748,0.29199914292533985,0.42315008992148484,0.036155436315940925,5.421010862427522e-20,0.12123882073140657
0.03622115410436684,0.1670112452210643,0.25399190823029993,0.3158226003550233,0.22695309208924527,0.0
0.0,0.3006047236278119,0.03356038404899768,0.2019410494719244,0.17023341365413613,0.29366042919712954
0.0,0.04587170995741911,0.3316539813960031,0.02699322347835725,0.31613610254997565,0.27934498261824453
0.13463673438392035,0.024549617486890045,0.25802823699828664,0.29467451112950727,0.0,0.2881109000013953
0.19330349163120922,0.36449928763399886,0.07116096525054418,0.0,0.3460789985456608,0.024957256938586646
0.2270847115258349,0.0,0.0017815757952591353,0.26039248152125194,0.3183743507631552,0.19236688039449856
0.34720796554967936,0.07479544482064557,0.2767047253272444,0.09137885936192985,0.2099130049405004,0.0
0.13201489403226369,0.01896573761642521,0.25303825631549315,0.3043431836270983,0.0,0.2916379284087192
0.12704437985784528,0.2944664559085343,0.4225710058602204,0.03509201186060764,0.0,0.12082614651279207
